{
	"format_version": "1.21.6",
	"credit": "Made with Blockbench",
	"texture_size": [32, 32],
	"textures": {
		"0": "item/firstperson/enchanted_bow_pulling_0",
		"1": "item/firstperson/bow_outline",
		"particle": "item/firstperson/enchanted_bow_pulling_0"
	},
	"elements": [
		{
			"name": "enchanted_bow_pulling_0_0",
			"from": [1, 14, 7.5],
			"to": [2, 16, 8.5],
			"light_emission": 15,
			"rotation": {"angle": 0, "axis": "y", "origin": [0, 0, 7.5]},
			"faces": {
				"north": {"uv": [2, 0, 1, 2], "texture": "#0"},
				"east": {"uv": [1, 0, 2, 2], "texture": "#0"},
				"south": {"uv": [1, 0, 2, 2], "texture": "#0"},
				"west": {"uv": [1, 0, 2, 2], "texture": "#0"},
				"up": {"uv": [1, 0, 2, 1], "texture": "#0"},
				"down": {"uv": [1, 1, 2, 2], "texture": "#0"}
			}
		},
		{
			"name": "enchanted_bow_pulling_0_1",
			"from": [2, 13, 7.5],
			"to": [3, 15, 8.5],
			"light_emission": 15,
			"rotation": {"angle": 0, "axis": "y", "origin": [0, 0, 7.5]},
			"faces": {
				"north": {"uv": [3, 1, 2, 3], "texture": "#0"},
				"east": {"uv": [2, 1, 3, 3], "texture": "#0"},
				"south": {"uv": [2, 1, 3, 3], "texture": "#0"},
				"west": {"uv": [2, 1, 3, 3], "texture": "#0"},
				"up": {"uv": [2, 1, 3, 2], "texture": "#0"},
				"down": {"uv": [2, 2, 3, 3], "texture": "#0"}
			}
		},
		{
			"name": "enchanted_bow_pulling_0_2",
			"from": [11, 12, 7.5],
			"to": [15, 15, 8.5],
			"light_emission": 15,
			"rotation": {"angle": 0, "axis": "y", "origin": [0, 0, 7.5]},
			"faces": {
				"north": {"uv": [15, 1, 11, 4], "texture": "#0"},
				"east": {"uv": [14, 1, 15, 4], "texture": "#0"},
				"south": {"uv": [11, 1, 15, 4], "texture": "#0"},
				"west": {"uv": [11, 1, 12, 4], "texture": "#0"},
				"up": {"uv": [11, 1, 15, 2], "texture": "#0"},
				"down": {"uv": [11, 3, 15, 4], "texture": "#0"}
			}
		},
		{
			"name": "enchanted_bow_pulling_0_3",
			"from": [3, 12, 7.5],
			"to": [4, 14, 8.5],
			"light_emission": 15,
			"rotation": {"angle": 0, "axis": "y", "origin": [0, 0, 7.5]},
			"faces": {
				"north": {"uv": [4, 2, 3, 4], "texture": "#0"},
				"east": {"uv": [3, 2, 4, 4], "texture": "#0"},
				"south": {"uv": [3, 2, 4, 4], "texture": "#0"},
				"west": {"uv": [3, 2, 4, 4], "texture": "#0"},
				"up": {"uv": [3, 2, 4, 3], "texture": "#0"},
				"down": {"uv": [3, 3, 4, 4], "texture": "#0"}
			}
		},
		{
			"name": "enchanted_bow_pulling_0_4",
			"from": [8, 11, 7.5],
			"to": [11, 14, 8.5],
			"light_emission": 15,
			"rotation": {"angle": 0, "axis": "y", "origin": [0, 0, 7.5]},
			"faces": {
				"north": {"uv": [11, 2, 8, 5], "texture": "#0"},
				"east": {"uv": [10, 2, 11, 5], "texture": "#0"},
				"south": {"uv": [8, 2, 11, 5], "texture": "#0"},
				"west": {"uv": [8, 2, 9, 5], "texture": "#0"},
				"up": {"uv": [8, 2, 11, 3], "texture": "#0"},
				"down": {"uv": [8, 4, 11, 5], "texture": "#0"}
			}
		},
		{
			"name": "enchanted_bow_pulling_0_5",
			"from": [15, 13, 7.5],
			"to": [16, 14, 8.5],
			"light_emission": 15,
			"rotation": {"angle": 0, "axis": "y", "origin": [0, 0, 7.5]},
			"faces": {
				"north": {"uv": [16, 2, 15, 3], "texture": "#0"},
				"east": {"uv": [15, 2, 16, 3], "texture": "#0"},
				"south": {"uv": [15, 2, 16, 3], "texture": "#0"},
				"west": {"uv": [15, 2, 16, 3], "texture": "#0"},
				"up": {"uv": [15, 2, 16, 3], "texture": "#0"},
				"down": {"uv": [15, 2, 16, 3], "texture": "#0"}
			}
		},
		{
			"name": "enchanted_bow_pulling_0_6",
			"from": [4, 5, 7.5],
			"to": [5, 13, 8.5],
			"light_emission": 15,
			"rotation": {"angle": 0, "axis": "y", "origin": [0, 0, 7.5]},
			"faces": {
				"north": {"uv": [5, 3, 4, 11], "texture": "#0"},
				"east": {"uv": [4, 3, 5, 11], "texture": "#0"},
				"south": {"uv": [4, 3, 5, 11], "texture": "#0"},
				"west": {"uv": [4, 3, 5, 11], "texture": "#0"},
				"up": {"uv": [4, 3, 5, 4], "texture": "#0"},
				"down": {"uv": [4, 10, 5, 11], "texture": "#0"}
			}
		},
		{
			"name": "enchanted_bow_pulling_0_7",
			"from": [6, 9, 7.5],
			"to": [8, 13, 8.5],
			"light_emission": 15,
			"rotation": {"angle": 0, "axis": "y", "origin": [0, 0, 7.5]},
			"faces": {
				"north": {"uv": [8, 3, 6, 7], "texture": "#0"},
				"east": {"uv": [7, 3, 8, 7], "texture": "#0"},
				"south": {"uv": [6, 3, 8, 7], "texture": "#0"},
				"west": {"uv": [6, 3, 7, 7], "texture": "#0"},
				"up": {"uv": [6, 3, 8, 4], "texture": "#0"},
				"down": {"uv": [6, 6, 8, 7], "texture": "#0"}
			}
		},
		{
			"name": "enchanted_bow_pulling_0_8",
			"from": [5, 8, 7.5],
			"to": [6, 12, 8.5],
			"light_emission": 15,
			"rotation": {"angle": 0, "axis": "y", "origin": [0, 0, 7.5]},
			"faces": {
				"north": {"uv": [6, 4, 5, 8], "texture": "#0"},
				"east": {"uv": [5, 4, 6, 8], "texture": "#0"},
				"south": {"uv": [5, 4, 6, 8], "texture": "#0"},
				"west": {"uv": [5, 4, 6, 8], "texture": "#0"},
				"up": {"uv": [5, 4, 6, 5], "texture": "#0"},
				"down": {"uv": [5, 7, 6, 8], "texture": "#0"}
			}
		},
		{
			"name": "enchanted_bow_pulling_0_9",
			"from": [14, 11, 7.5],
			"to": [15, 12, 8.5],
			"light_emission": 15,
			"rotation": {"angle": 0, "axis": "y", "origin": [0, 0, 7.5]},
			"faces": {
				"north": {"uv": [15, 4, 14, 5], "texture": "#0"},
				"east": {"uv": [14, 4, 15, 5], "texture": "#0"},
				"south": {"uv": [14, 4, 15, 5], "texture": "#0"},
				"west": {"uv": [14, 4, 15, 5], "texture": "#0"},
				"up": {"uv": [14, 4, 15, 5], "texture": "#0"},
				"down": {"uv": [14, 4, 15, 5], "texture": "#0"}
			}
		},
		{
			"name": "enchanted_bow_pulling_0_10",
			"from": [13, 9, 7.5],
			"to": [14, 11, 8.5],
			"light_emission": 15,
			"rotation": {"angle": 0, "axis": "y", "origin": [0, 0, 7.5]},
			"faces": {
				"north": {"uv": [14, 5, 13, 7], "texture": "#0"},
				"east": {"uv": [13, 5, 14, 7], "texture": "#0"},
				"south": {"uv": [13, 5, 14, 7], "texture": "#0"},
				"west": {"uv": [13, 5, 14, 7], "texture": "#0"},
				"up": {"uv": [13, 5, 14, 6], "texture": "#0"},
				"down": {"uv": [13, 6, 14, 7], "texture": "#0"}
			}
		},
		{
			"name": "enchanted_bow_pulling_0_11",
			"from": [3, 1, 7.5],
			"to": [4, 10, 8.5],
			"light_emission": 15,
			"rotation": {"angle": 0, "axis": "y", "origin": [0, 0, 7.5]},
			"faces": {
				"north": {"uv": [4, 6, 3, 15], "texture": "#0"},
				"east": {"uv": [3, 6, 4, 15], "texture": "#0"},
				"south": {"uv": [3, 6, 4, 15], "texture": "#0"},
				"west": {"uv": [3, 6, 4, 15], "texture": "#0"},
				"up": {"uv": [3, 6, 4, 7], "texture": "#0"},
				"down": {"uv": [3, 14, 4, 15], "texture": "#0"}
			}
		},
		{
			"name": "enchanted_bow_pulling_0_12",
			"from": [7, 8, 7.5],
			"to": [9, 9, 8.5],
			"light_emission": 15,
			"rotation": {"angle": 0, "axis": "y", "origin": [0, 0, 7.5]},
			"faces": {
				"north": {"uv": [9, 7, 7, 8], "texture": "#0"},
				"east": {"uv": [8, 7, 9, 8], "texture": "#0"},
				"south": {"uv": [7, 7, 9, 8], "texture": "#0"},
				"west": {"uv": [7, 7, 8, 8], "texture": "#0"},
				"up": {"uv": [7, 7, 9, 8], "texture": "#0"},
				"down": {"uv": [7, 7, 9, 8], "texture": "#0"}
			}
		},
		{
			"name": "enchanted_bow_pulling_0_13",
			"from": [12, 8, 7.5],
			"to": [13, 9, 8.5],
			"light_emission": 15,
			"rotation": {"angle": 0, "axis": "y", "origin": [0, 0, 7.5]},
			"faces": {
				"north": {"uv": [13, 7, 12, 8], "texture": "#0"},
				"east": {"uv": [12, 7, 13, 8], "texture": "#0"},
				"south": {"uv": [12, 7, 13, 8], "texture": "#0"},
				"west": {"uv": [12, 7, 13, 8], "texture": "#0"},
				"up": {"uv": [12, 7, 13, 8], "texture": "#0"},
				"down": {"uv": [12, 7, 13, 8], "texture": "#0"}
			}
		},
		{
			"name": "enchanted_bow_pulling_0_14",
			"from": [2, 0, 7.5],
			"to": [3, 8, 8.5],
			"light_emission": 15,
			"rotation": {"angle": 0, "axis": "y", "origin": [0, 0, 7.5]},
			"faces": {
				"north": {"uv": [3, 8, 2, 16], "texture": "#0"},
				"east": {"uv": [2, 8, 3, 16], "texture": "#0"},
				"south": {"uv": [2, 8, 3, 16], "texture": "#0"},
				"west": {"uv": [2, 8, 3, 16], "texture": "#0"},
				"up": {"uv": [2, 8, 3, 9], "texture": "#0"},
				"down": {"uv": [2, 15, 3, 16], "texture": "#0"}
			}
		},
		{
			"name": "enchanted_bow_pulling_0_15",
			"from": [8, 7, 7.5],
			"to": [10, 8, 8.5],
			"light_emission": 15,
			"rotation": {"angle": 0, "axis": "y", "origin": [0, 0, 7.5]},
			"faces": {
				"north": {"uv": [10, 8, 8, 9], "texture": "#0"},
				"east": {"uv": [9, 8, 10, 9], "texture": "#0"},
				"south": {"uv": [8, 8, 10, 9], "texture": "#0"},
				"west": {"uv": [8, 8, 9, 9], "texture": "#0"},
				"up": {"uv": [8, 8, 10, 9], "texture": "#0"},
				"down": {"uv": [8, 8, 10, 9], "texture": "#0"}
			}
		},
		{
			"name": "enchanted_bow_pulling_0_16",
			"from": [11, 6, 7.5],
			"to": [12, 8, 8.5],
			"light_emission": 15,
			"rotation": {"angle": 0, "axis": "y", "origin": [0, 0, 7.5]},
			"faces": {
				"north": {"uv": [12, 8, 11, 10], "texture": "#0"},
				"east": {"uv": [11, 8, 12, 10], "texture": "#0"},
				"south": {"uv": [11, 8, 12, 10], "texture": "#0"},
				"west": {"uv": [11, 8, 12, 10], "texture": "#0"},
				"up": {"uv": [11, 8, 12, 9], "texture": "#0"},
				"down": {"uv": [11, 9, 12, 10], "texture": "#0"}
			}
		},
		{
			"name": "enchanted_bow_pulling_0_17",
			"from": [9, 6, 7.5],
			"to": [11, 7, 8.5],
			"light_emission": 15,
			"rotation": {"angle": 0, "axis": "y", "origin": [0, 0, 7.5]},
			"faces": {
				"north": {"uv": [11, 9, 9, 10], "texture": "#0"},
				"east": {"uv": [10, 9, 11, 10], "texture": "#0"},
				"south": {"uv": [9, 9, 11, 10], "texture": "#0"},
				"west": {"uv": [9, 9, 10, 10], "texture": "#0"},
				"up": {"uv": [9, 9, 11, 10], "texture": "#0"},
				"down": {"uv": [9, 9, 11, 10], "texture": "#0"}
			}
		},
		{
			"name": "enchanted_bow_pulling_0_18",
			"from": [10, 5, 7.5],
			"to": [11, 6, 8.5],
			"light_emission": 15,
			"rotation": {"angle": 0, "axis": "y", "origin": [0, 0, 7.5]},
			"faces": {
				"north": {"uv": [11, 10, 10, 11], "texture": "#0"},
				"east": {"uv": [10, 10, 11, 11], "texture": "#0"},
				"south": {"uv": [10, 10, 11, 11], "texture": "#0"},
				"west": {"uv": [10, 10, 11, 11], "texture": "#0"},
				"up": {"uv": [10, 10, 11, 11], "texture": "#0"},
				"down": {"uv": [10, 10, 11, 11], "texture": "#0"}
			}
		},
		{
			"name": "enchanted_bow_pulling_0_19",
			"from": [1, 1, 7.5],
			"to": [2, 5, 8.5],
			"light_emission": 15,
			"rotation": {"angle": 0, "axis": "y", "origin": [0, 0, 7.5]},
			"faces": {
				"north": {"uv": [2, 11, 1, 15], "texture": "#0"},
				"east": {"uv": [1, 11, 2, 15], "texture": "#0"},
				"south": {"uv": [1, 11, 2, 15], "texture": "#0"},
				"west": {"uv": [1, 11, 2, 15], "texture": "#0"},
				"up": {"uv": [1, 11, 2, 12], "texture": "#0"},
				"down": {"uv": [1, 14, 2, 15], "texture": "#0"}
			}
		},
		{
			"name": "enchanted_bow_pulling_0_20",
			"from": [8, 4, 7.5],
			"to": [10, 5, 8.5],
			"light_emission": 15,
			"rotation": {"angle": 0, "axis": "y", "origin": [0, 0, 7.5]},
			"faces": {
				"north": {"uv": [10, 11, 8, 12], "texture": "#0"},
				"east": {"uv": [9, 11, 10, 12], "texture": "#0"},
				"south": {"uv": [8, 11, 10, 12], "texture": "#0"},
				"west": {"uv": [8, 11, 9, 12], "texture": "#0"},
				"up": {"uv": [8, 11, 10, 12], "texture": "#0"},
				"down": {"uv": [8, 11, 10, 12], "texture": "#0"}
			}
		},
		{
			"name": "enchanted_bow_pulling_0_21",
			"from": [7, 3, 7.5],
			"to": [8, 4, 8.5],
			"light_emission": 15,
			"rotation": {"angle": 0, "axis": "y", "origin": [0, 0, 7.5]},
			"faces": {
				"north": {"uv": [8, 12, 7, 13], "texture": "#0"},
				"east": {"uv": [7, 12, 8, 13], "texture": "#0"},
				"south": {"uv": [7, 12, 8, 13], "texture": "#0"},
				"west": {"uv": [7, 12, 8, 13], "texture": "#0"},
				"up": {"uv": [7, 12, 8, 13], "texture": "#0"},
				"down": {"uv": [7, 12, 8, 13], "texture": "#0"}
			}
		},
		{
			"name": "enchanted_bow_pulling_0_22",
			"from": [5, 2, 7.5],
			"to": [7, 3, 8.5],
			"light_emission": 15,
			"rotation": {"angle": 0, "axis": "y", "origin": [0, 0, 7.5]},
			"faces": {
				"north": {"uv": [7, 13, 5, 14], "texture": "#0"},
				"east": {"uv": [6, 13, 7, 14], "texture": "#0"},
				"south": {"uv": [5, 13, 7, 14], "texture": "#0"},
				"west": {"uv": [5, 13, 6, 14], "texture": "#0"},
				"up": {"uv": [5, 13, 7, 14], "texture": "#0"},
				"down": {"uv": [5, 13, 7, 14], "texture": "#0"}
			}
		},
		{
			"name": "enchanted_bow_pulling_0_23",
			"from": [4, 1, 7.5],
			"to": [5, 2, 8.5],
			"light_emission": 15,
			"rotation": {"angle": 0, "axis": "y", "origin": [0, 0, 7.5]},
			"faces": {
				"north": {"uv": [5, 14, 4, 15], "texture": "#0"},
				"east": {"uv": [4, 14, 5, 15], "texture": "#0"},
				"south": {"uv": [4, 14, 5, 15], "texture": "#0"},
				"west": {"uv": [4, 14, 5, 15], "texture": "#0"},
				"up": {"uv": [4, 14, 5, 15], "texture": "#0"},
				"down": {"uv": [4, 14, 5, 15], "texture": "#0"}
			}
		},
		{
			"name": "enchanted_bow_pulling_0_0_outline",
			"from": [2.1, 16.1, 8.6],
			"to": [0.9, 13.9, 7.4],
			"light_emission": 15,
			"rotation": {"angle": 0, "axis": "y", "origin": [0, 0, 7.5]},
			"faces": {
				"north": {"uv": [3, 7, 3.5, 8], "texture": "#1"},
				"east": {"uv": [7, 4, 7.5, 5], "texture": "#1"},
				"south": {"uv": [5, 7, 5.5, 8], "texture": "#1"},
				"west": {"uv": [7, 5, 7.5, 6], "texture": "#1"},
				"up": {"uv": [9, 3, 8.5, 2.5], "texture": "#1"},
				"down": {"uv": [9, 3, 8.5, 3.5], "texture": "#1"}
			}
		},
		{
			"name": "enchanted_bow_pulling_0_1_outline",
			"from": [3.1, 15.1, 8.6],
			"to": [1.9, 12.9, 7.4],
			"light_emission": 15,
			"rotation": {"angle": 0, "axis": "y", "origin": [0, 0, 7.5]},
			"faces": {
				"north": {"uv": [5.5, 7, 6, 8], "texture": "#1"},
				"east": {"uv": [6, 7, 6.5, 8], "texture": "#1"},
				"south": {"uv": [7, 6, 7.5, 7], "texture": "#1"},
				"west": {"uv": [6.5, 7, 7, 8], "texture": "#1"},
				"up": {"uv": [9, 4, 8.5, 3.5], "texture": "#1"},
				"down": {"uv": [9, 4, 8.5, 4.5], "texture": "#1"}
			}
		},
		{
			"name": "enchanted_bow_pulling_0_2_outline",
			"from": [15.1, 15.1, 8.6],
			"to": [10.9, 11.9, 7.4],
			"light_emission": 15,
			"rotation": {"angle": 0, "axis": "y", "origin": [0, 0, 7.5]},
			"faces": {
				"north": {"uv": [0, 0, 2, 1.5], "texture": "#1"},
				"east": {"uv": [7, 0, 7.5, 1.5], "texture": "#1"},
				"south": {"uv": [0, 1.5, 2, 3], "texture": "#1"},
				"west": {"uv": [7, 1.5, 7.5, 3], "texture": "#1"},
				"up": {"uv": [7, 4.5, 5, 4], "texture": "#1"},
				"down": {"uv": [7, 4.5, 5, 5], "texture": "#1"}
			}
		},
		{
			"name": "enchanted_bow_pulling_0_3_outline",
			"from": [4.1, 14.1, 8.6],
			"to": [2.9, 11.9, 7.4],
			"light_emission": 15,
			"rotation": {"angle": 0, "axis": "y", "origin": [0, 0, 7.5]},
			"faces": {
				"north": {"uv": [7, 7, 7.5, 8], "texture": "#1"},
				"east": {"uv": [0, 7.5, 0.5, 8.5], "texture": "#1"},
				"south": {"uv": [7.5, 0, 8, 1], "texture": "#1"},
				"west": {"uv": [0.5, 7.5, 1, 8.5], "texture": "#1"},
				"up": {"uv": [5, 9, 4.5, 8.5], "texture": "#1"},
				"down": {"uv": [9, 4.5, 8.5, 5], "texture": "#1"}
			}
		},
		{
			"name": "enchanted_bow_pulling_0_4_outline",
			"from": [11.1, 14.1, 8.6],
			"to": [7.9, 10.9, 7.4],
			"light_emission": 15,
			"rotation": {"angle": 0, "axis": "y", "origin": [0, 0, 7.5]},
			"faces": {
				"north": {"uv": [2, 0, 3.5, 1.5], "texture": "#1"},
				"east": {"uv": [2, 7, 2.5, 8.5], "texture": "#1"},
				"south": {"uv": [2, 1.5, 3.5, 3], "texture": "#1"},
				"west": {"uv": [2.5, 7, 3, 8.5], "texture": "#1"},
				"up": {"uv": [8.5, 3.5, 7, 3], "texture": "#1"},
				"down": {"uv": [8.5, 3.5, 7, 4], "texture": "#1"}
			}
		},
		{
			"name": "enchanted_bow_pulling_0_5_outline",
			"from": [16.1, 14.1, 8.6],
			"to": [14.9, 12.9, 7.4],
			"light_emission": 15,
			"rotation": {"angle": 0, "axis": "y", "origin": [0, 0, 7.5]},
			"faces": {
				"north": {"uv": [5, 8.5, 5.5, 9], "texture": "#1"},
				"east": {"uv": [5.5, 8.5, 6, 9], "texture": "#1"},
				"south": {"uv": [6, 8.5, 6.5, 9], "texture": "#1"},
				"west": {"uv": [6.5, 8.5, 7, 9], "texture": "#1"},
				"up": {"uv": [7.5, 9, 7, 8.5], "texture": "#1"},
				"down": {"uv": [9, 7, 8.5, 7.5], "texture": "#1"}
			}
		},
		{
			"name": "enchanted_bow_pulling_0_6_outline",
			"from": [5.1, 13.1, 8.6],
			"to": [3.9, 4.9, 7.4],
			"light_emission": 15,
			"rotation": {"angle": 0, "axis": "y", "origin": [0, 0, 7.5]},
			"faces": {
				"north": {"uv": [2, 3, 2.5, 7], "texture": "#1"},
				"east": {"uv": [2.5, 3, 3, 7], "texture": "#1"},
				"south": {"uv": [3, 3, 3.5, 7], "texture": "#1"},
				"west": {"uv": [3.5, 0, 4, 4], "texture": "#1"},
				"up": {"uv": [8, 9, 7.5, 8.5], "texture": "#1"},
				"down": {"uv": [9, 7.5, 8.5, 8], "texture": "#1"}
			}
		},
		{
			"name": "enchanted_bow_pulling_0_7_outline",
			"from": [8.1, 13.1, 8.6],
			"to": [5.9, 8.9, 7.4],
			"light_emission": 15,
			"rotation": {"angle": 0, "axis": "y", "origin": [0, 0, 7.5]},
			"faces": {
				"north": {"uv": [4, 0, 5, 2], "texture": "#1"},
				"east": {"uv": [5, 5, 5.5, 7], "texture": "#1"},
				"south": {"uv": [4, 2, 5, 4], "texture": "#1"},
				"west": {"uv": [5.5, 0, 6, 2], "texture": "#1"},
				"up": {"uv": [2, 8, 1, 7.5], "texture": "#1"},
				"down": {"uv": [8.5, 1, 7.5, 1.5], "texture": "#1"}
			}
		},
		{
			"name": "enchanted_bow_pulling_0_8_outline",
			"from": [6.1, 12.1, 8.6],
			"to": [4.9, 7.9, 7.4],
			"light_emission": 15,
			"rotation": {"angle": 0, "axis": "y", "origin": [0, 0, 7.5]},
			"faces": {
				"north": {"uv": [5.5, 2, 6, 4], "texture": "#1"},
				"east": {"uv": [5.5, 5, 6, 7], "texture": "#1"},
				"south": {"uv": [6, 0, 6.5, 2], "texture": "#1"},
				"west": {"uv": [6, 2, 6.5, 4], "texture": "#1"},
				"up": {"uv": [8.5, 9, 8, 8.5], "texture": "#1"},
				"down": {"uv": [9, 8, 8.5, 8.5], "texture": "#1"}
			}
		},
		{
			"name": "enchanted_bow_pulling_0_9_outline",
			"from": [15.1, 12.1, 8.6],
			"to": [13.9, 10.9, 7.4],
			"light_emission": 15,
			"rotation": {"angle": 0, "axis": "y", "origin": [0, 0, 7.5]},
			"faces": {
				"north": {"uv": [8.5, 8.5, 9, 9], "texture": "#1"},
				"east": {"uv": [0, 9, 0.5, 9.5], "texture": "#1"},
				"south": {"uv": [9, 0, 9.5, 0.5], "texture": "#1"},
				"west": {"uv": [0.5, 9, 1, 9.5], "texture": "#1"},
				"up": {"uv": [9.5, 1, 9, 0.5], "texture": "#1"},
				"down": {"uv": [1.5, 9, 1, 9.5], "texture": "#1"}
			}
		},
		{
			"name": "enchanted_bow_pulling_0_10_outline",
			"from": [14.1, 11.1, 8.6],
			"to": [12.9, 8.9, 7.4],
			"light_emission": 15,
			"rotation": {"angle": 0, "axis": "y", "origin": [0, 0, 7.5]},
			"faces": {
				"north": {"uv": [7.5, 1.5, 8, 2.5], "texture": "#1"},
				"east": {"uv": [7.5, 4, 8, 5], "texture": "#1"},
				"south": {"uv": [7.5, 5, 8, 6], "texture": "#1"},
				"west": {"uv": [7.5, 6, 8, 7], "texture": "#1"},
				"up": {"uv": [2, 9.5, 1.5, 9], "texture": "#1"},
				"down": {"uv": [9.5, 1.5, 9, 2], "texture": "#1"}
			}
		},
		{
			"name": "enchanted_bow_pulling_0_11_outline",
			"from": [4.1, 10.1, 8.6],
			"to": [2.9, 0.9, 7.4],
			"light_emission": 15,
			"rotation": {"angle": 0, "axis": "y", "origin": [0, 0, 7.5]},
			"faces": {
				"north": {"uv": [0, 3, 0.5, 7.5], "texture": "#1"},
				"east": {"uv": [0.5, 3, 1, 7.5], "texture": "#1"},
				"south": {"uv": [1, 3, 1.5, 7.5], "texture": "#1"},
				"west": {"uv": [1.5, 3, 2, 7.5], "texture": "#1"},
				"up": {"uv": [2.5, 9.5, 2, 9], "texture": "#1"},
				"down": {"uv": [9.5, 2, 9, 2.5], "texture": "#1"}
			}
		},
		{
			"name": "enchanted_bow_pulling_0_12_outline",
			"from": [9.1, 9.1, 8.6],
			"to": [6.9, 7.9, 7.4],
			"light_emission": 15,
			"rotation": {"angle": 0, "axis": "y", "origin": [0, 0, 7.5]},
			"faces": {
				"north": {"uv": [7.5, 2.5, 8.5, 3], "texture": "#1"},
				"east": {"uv": [2.5, 9, 3, 9.5], "texture": "#1"},
				"south": {"uv": [7.5, 7, 8.5, 7.5], "texture": "#1"},
				"west": {"uv": [9, 2.5, 9.5, 3], "texture": "#1"},
				"up": {"uv": [8.5, 8, 7.5, 7.5], "texture": "#1"},
				"down": {"uv": [9, 0, 8, 0.5], "texture": "#1"}
			}
		},
		{
			"name": "enchanted_bow_pulling_0_13_outline",
			"from": [13.1, 9.1, 8.6],
			"to": [11.9, 7.9, 7.4],
			"light_emission": 15,
			"rotation": {"angle": 0, "axis": "y", "origin": [0, 0, 7.5]},
			"faces": {
				"north": {"uv": [3, 9, 3.5, 9.5], "texture": "#1"},
				"east": {"uv": [9, 3, 9.5, 3.5], "texture": "#1"},
				"south": {"uv": [3.5, 9, 4, 9.5], "texture": "#1"},
				"west": {"uv": [9, 3.5, 9.5, 4], "texture": "#1"},
				"up": {"uv": [4.5, 9.5, 4, 9], "texture": "#1"},
				"down": {"uv": [9.5, 4, 9, 4.5], "texture": "#1"}
			}
		},
		{
			"name": "enchanted_bow_pulling_0_14_outline",
			"from": [3.1, 8.1, 8.6],
			"to": [1.9, -0.1, 7.4],
			"light_emission": 15,
			"rotation": {"angle": 0, "axis": "y", "origin": [0, 0, 7.5]},
			"faces": {
				"north": {"uv": [3.5, 4, 4, 8], "texture": "#1"},
				"east": {"uv": [4, 4, 4.5, 8], "texture": "#1"},
				"south": {"uv": [4.5, 4, 5, 8], "texture": "#1"},
				"west": {"uv": [5, 0, 5.5, 4], "texture": "#1"},
				"up": {"uv": [5, 9.5, 4.5, 9], "texture": "#1"},
				"down": {"uv": [9.5, 4.5, 9, 5], "texture": "#1"}
			}
		},
		{
			"name": "enchanted_bow_pulling_0_15_outline",
			"from": [10.1, 8.1, 8.6],
			"to": [7.9, 6.9, 7.4],
			"light_emission": 15,
			"rotation": {"angle": 0, "axis": "y", "origin": [0, 0, 7.5]},
			"faces": {
				"north": {"uv": [8, 0.5, 9, 1], "texture": "#1"},
				"east": {"uv": [5, 9, 5.5, 9.5], "texture": "#1"},
				"south": {"uv": [1, 8, 2, 8.5], "texture": "#1"},
				"west": {"uv": [9, 5, 9.5, 5.5], "texture": "#1"},
				"up": {"uv": [9, 2, 8, 1.5], "texture": "#1"},
				"down": {"uv": [9, 2, 8, 2.5], "texture": "#1"}
			}
		},
		{
			"name": "enchanted_bow_pulling_0_16_outline",
			"from": [12.1, 8.1, 8.6],
			"to": [10.9, 5.9, 7.4],
			"light_emission": 15,
			"rotation": {"angle": 0, "axis": "y", "origin": [0, 0, 7.5]},
			"faces": {
				"north": {"uv": [3, 8, 3.5, 9], "texture": "#1"},
				"east": {"uv": [3.5, 8, 4, 9], "texture": "#1"},
				"south": {"uv": [4, 8, 4.5, 9], "texture": "#1"},
				"west": {"uv": [8, 4, 8.5, 5], "texture": "#1"},
				"up": {"uv": [6, 9.5, 5.5, 9], "texture": "#1"},
				"down": {"uv": [9.5, 5.5, 9, 6], "texture": "#1"}
			}
		},
		{
			"name": "enchanted_bow_pulling_0_17_outline",
			"from": [11.1, 7.1, 8.6],
			"to": [8.9, 5.9, 7.4],
			"light_emission": 15,
			"rotation": {"angle": 0, "axis": "y", "origin": [0, 0, 7.5]},
			"faces": {
				"north": {"uv": [4.5, 8, 5.5, 8.5], "texture": "#1"},
				"east": {"uv": [6, 9, 6.5, 9.5], "texture": "#1"},
				"south": {"uv": [8, 5, 9, 5.5], "texture": "#1"},
				"west": {"uv": [9, 6, 9.5, 6.5], "texture": "#1"},
				"up": {"uv": [6.5, 8.5, 5.5, 8], "texture": "#1"},
				"down": {"uv": [9, 5.5, 8, 6], "texture": "#1"}
			}
		},
		{
			"name": "enchanted_bow_pulling_0_18_outline",
			"from": [11.1, 6.1, 8.6],
			"to": [9.9, 4.9, 7.4],
			"light_emission": 15,
			"rotation": {"angle": 0, "axis": "y", "origin": [0, 0, 7.5]},
			"faces": {
				"north": {"uv": [6.5, 9, 7, 9.5], "texture": "#1"},
				"east": {"uv": [9, 6.5, 9.5, 7], "texture": "#1"},
				"south": {"uv": [7, 9, 7.5, 9.5], "texture": "#1"},
				"west": {"uv": [9, 7, 9.5, 7.5], "texture": "#1"},
				"up": {"uv": [8, 9.5, 7.5, 9], "texture": "#1"},
				"down": {"uv": [9.5, 7.5, 9, 8], "texture": "#1"}
			}
		},
		{
			"name": "enchanted_bow_pulling_0_19_outline",
			"from": [2.1, 5.1, 8.6],
			"to": [0.9, 0.9, 7.4],
			"light_emission": 15,
			"rotation": {"angle": 0, "axis": "y", "origin": [0, 0, 7.5]},
			"faces": {
				"north": {"uv": [6, 5, 6.5, 7], "texture": "#1"},
				"east": {"uv": [6.5, 0, 7, 2], "texture": "#1"},
				"south": {"uv": [6.5, 2, 7, 4], "texture": "#1"},
				"west": {"uv": [6.5, 5, 7, 7], "texture": "#1"},
				"up": {"uv": [8.5, 9.5, 8, 9], "texture": "#1"},
				"down": {"uv": [9.5, 8, 9, 8.5], "texture": "#1"}
			}
		},
		{
			"name": "enchanted_bow_pulling_0_20_outline",
			"from": [10.1, 5.1, 8.6],
			"to": [7.9, 3.9, 7.4],
			"light_emission": 15,
			"rotation": {"angle": 0, "axis": "y", "origin": [0, 0, 7.5]},
			"faces": {
				"north": {"uv": [8, 6, 9, 6.5], "texture": "#1"},
				"east": {"uv": [8.5, 9, 9, 9.5], "texture": "#1"},
				"south": {"uv": [6.5, 8, 7.5, 8.5], "texture": "#1"},
				"west": {"uv": [9, 8.5, 9.5, 9], "texture": "#1"},
				"up": {"uv": [9, 7, 8, 6.5], "texture": "#1"},
				"down": {"uv": [8.5, 8, 7.5, 8.5], "texture": "#1"}
			}
		},
		{
			"name": "enchanted_bow_pulling_0_21_outline",
			"from": [8.1, 4.1, 8.6],
			"to": [6.9, 2.9, 7.4],
			"light_emission": 15,
			"rotation": {"angle": 0, "axis": "y", "origin": [0, 0, 7.5]},
			"faces": {
				"north": {"uv": [9, 9, 9.5, 9.5], "texture": "#1"},
				"east": {"uv": [0, 9.5, 0.5, 10], "texture": "#1"},
				"south": {"uv": [9.5, 0, 10, 0.5], "texture": "#1"},
				"west": {"uv": [0.5, 9.5, 1, 10], "texture": "#1"},
				"up": {"uv": [10, 1, 9.5, 0.5], "texture": "#1"},
				"down": {"uv": [1.5, 9.5, 1, 10], "texture": "#1"}
			}
		},
		{
			"name": "enchanted_bow_pulling_0_22_outline",
			"from": [7.1, 3.1, 8.6],
			"to": [4.9, 1.9, 7.4],
			"light_emission": 15,
			"rotation": {"angle": 0, "axis": "y", "origin": [0, 0, 7.5]},
			"faces": {
				"north": {"uv": [0, 8.5, 1, 9], "texture": "#1"},
				"east": {"uv": [9.5, 1, 10, 1.5], "texture": "#1"},
				"south": {"uv": [1, 8.5, 2, 9], "texture": "#1"},
				"west": {"uv": [1.5, 9.5, 2, 10], "texture": "#1"},
				"up": {"uv": [9.5, 1.5, 8.5, 1], "texture": "#1"},
				"down": {"uv": [3, 8.5, 2, 9], "texture": "#1"}
			}
		},
		{
			"name": "enchanted_bow_pulling_0_23_outline",
			"from": [5.1, 2.1, 8.6],
			"to": [3.9, 0.9, 7.4],
			"light_emission": 15,
			"rotation": {"angle": 0, "axis": "y", "origin": [0, 0, 7.5]},
			"faces": {
				"north": {"uv": [9.5, 1.5, 10, 2], "texture": "#1"},
				"east": {"uv": [2, 9.5, 2.5, 10], "texture": "#1"},
				"south": {"uv": [9.5, 2, 10, 2.5], "texture": "#1"},
				"west": {"uv": [2.5, 9.5, 3, 10], "texture": "#1"},
				"up": {"uv": [10, 3, 9.5, 2.5], "texture": "#1"},
				"down": {"uv": [3.5, 9.5, 3, 10], "texture": "#1"}
			}
		}
	],
	"display": {
		"thirdperson_righthand": {
			"rotation": [0, -90, 55],
			"translation": [0, -2.5, 1.75],
			"scale": [0.85, 0.85, 0.85]
		},
		"thirdperson_lefthand": {
			"rotation": [0, 90, -55],
			"translation": [0, -1.75, 2],
			"scale": [0.85, 0.85, 0.85]
		},
		"firstperson_righthand": {
			"rotation": [0, -90, 25],
			"translation": [1.13, 3.2, 1.13],
			"scale": [0.68, 0.68, 0.68]
		},
		"firstperson_lefthand": {
			"rotation": [0, 90, -25],
			"translation": [1.13, 3.2, 1.13],
			"scale": [0.68, 0.68, 0.68]
		},
		"ground": {
			"translation": [0, 2, 0],
			"scale": [0.5, 0.5, 0.5]
		},
		"head": {
			"rotation": [0, -180, 0],
			"translation": [0, 13, 7]
		},
		"fixed": {
			"rotation": [0, -180, 0]
		}
	},
	"groups": [
		{
			"name": "enchanted_bow_pulling_0",
			"origin": [8, 8, 8],
			"color": 0,
			"children": [0, 1, 2, 3, 4, 5, 6, 7, 8, 9, 10, 11, 12, 13, 14, 15, 16, 17, 18, 19, 20, 21, 22, 23]
		},
		24,
		25,
		26,
		27,
		28,
		29,
		30,
		31,
		32,
		33,
		34,
		35,
		36,
		37,
		38,
		39,
		40,
		41,
		42,
		43,
		44,
		45,
		46,
		47
	]
}