{
	"format_version": "1.21.6",
	"credit": "Made with Blockbench",
	"texture_size": [32, 32],
	"textures": {
		"0": "item/firstperson/enchanted_iron_sword",
		"1": "item/firstperson/sword_glow",
		"particle": "item/firstperson/enchanted_iron_sword"
	},
	"elements": [
		{
			"name": "enchanted_iron_sword_0",
			"from": [13.04161, 12.95347, 7.84645],
			"to": [16.04161, 15.95347, 8.84645],
			"light_emission": 15,
			"rotation": {"angle": 0, "axis": "y", "origin": [8.05, 7.71186, 8.34645]},
			"faces": {
				"north": {"uv": [16, 0, 13, 3], "texture": "#0"},
				"east": {"uv": [15, 0, 16, 3], "texture": "#0"},
				"south": {"uv": [13, 0, 16, 3], "texture": "#0"},
				"west": {"uv": [13, 0, 14, 3], "texture": "#0"},
				"up": {"uv": [13, 0, 16, 1], "texture": "#0"},
				"down": {"uv": [13, 2, 16, 3], "texture": "#0"}
			}
		},
		{
			"name": "enchanted_iron_sword_1",
			"from": [12.04161, 9.95347, 7.84645],
			"to": [13.04161, 14.95347, 8.84645],
			"light_emission": 15,
			"rotation": {"angle": 0, "axis": "y", "origin": [8.05, 7.71186, 8.34645]},
			"faces": {
				"north": {"uv": [13, 1, 12, 6], "texture": "#0"},
				"east": {"uv": [12, 1, 13, 6], "texture": "#0"},
				"south": {"uv": [12, 1, 13, 6], "texture": "#0"},
				"west": {"uv": [12, 1, 13, 6], "texture": "#0"},
				"up": {"uv": [12, 1, 13, 2], "texture": "#0"},
				"down": {"uv": [12, 5, 13, 6], "texture": "#0"}
			}
		},
		{
			"name": "enchanted_iron_sword_2",
			"from": [11.04161, 8.95347, 7.84645],
			"to": [12.04161, 13.95347, 8.84645],
			"light_emission": 15,
			"rotation": {"angle": 0, "axis": "y", "origin": [8.05, 7.71186, 8.34645]},
			"faces": {
				"north": {"uv": [12, 2, 11, 7], "texture": "#0"},
				"east": {"uv": [11, 2, 12, 7], "texture": "#0"},
				"south": {"uv": [11, 2, 12, 7], "texture": "#0"},
				"west": {"uv": [11, 2, 12, 7], "texture": "#0"},
				"up": {"uv": [11, 2, 12, 3], "texture": "#0"},
				"down": {"uv": [11, 6, 12, 7], "texture": "#0"}
			}
		},
		{
			"name": "enchanted_iron_sword_3",
			"from": [10.04161, 7.95347, 7.84645],
			"to": [11.04161, 12.95347, 8.84645],
			"light_emission": 15,
			"rotation": {"angle": 0, "axis": "y", "origin": [8.05, 7.71186, 8.34645]},
			"faces": {
				"north": {"uv": [11, 3, 10, 8], "texture": "#0"},
				"east": {"uv": [10, 3, 11, 8], "texture": "#0"},
				"south": {"uv": [10, 3, 11, 8], "texture": "#0"},
				"west": {"uv": [10, 3, 11, 8], "texture": "#0"},
				"up": {"uv": [10, 3, 11, 4], "texture": "#0"},
				"down": {"uv": [10, 7, 11, 8], "texture": "#0"}
			}
		},
		{
			"name": "enchanted_iron_sword_4",
			"from": [13.04161, 11.95347, 7.84645],
			"to": [15.04161, 12.95347, 8.84645],
			"light_emission": 15,
			"rotation": {"angle": 0, "axis": "y", "origin": [8.05, 7.71186, 8.34645]},
			"faces": {
				"north": {"uv": [15, 3, 13, 4], "texture": "#0"},
				"east": {"uv": [14, 3, 15, 4], "texture": "#0"},
				"south": {"uv": [13, 3, 15, 4], "texture": "#0"},
				"west": {"uv": [13, 3, 14, 4], "texture": "#0"},
				"up": {"uv": [13, 3, 15, 4], "texture": "#0"},
				"down": {"uv": [13, 3, 15, 4], "texture": "#0"}
			}
		},
		{
			"name": "enchanted_iron_sword_5",
			"from": [9.04161, 6.95347, 7.84645],
			"to": [10.04161, 11.95347, 8.84645],
			"light_emission": 15,
			"rotation": {"angle": 0, "axis": "y", "origin": [8.05, 7.71186, 8.34645]},
			"faces": {
				"north": {"uv": [10, 4, 9, 9], "texture": "#0"},
				"east": {"uv": [9, 4, 10, 9], "texture": "#0"},
				"south": {"uv": [9, 4, 10, 9], "texture": "#0"},
				"west": {"uv": [9, 4, 10, 9], "texture": "#0"},
				"up": {"uv": [9, 4, 10, 5], "texture": "#0"},
				"down": {"uv": [9, 8, 10, 9], "texture": "#0"}
			}
		},
		{
			"name": "enchanted_iron_sword_6",
			"from": [13.04161, 10.95347, 7.84645],
			"to": [14.04161, 11.95347, 8.84645],
			"light_emission": 15,
			"rotation": {"angle": 0, "axis": "y", "origin": [8.05, 7.71186, 8.34645]},
			"faces": {
				"north": {"uv": [14, 4, 13, 5], "texture": "#0"},
				"east": {"uv": [13, 4, 14, 5], "texture": "#0"},
				"south": {"uv": [13, 4, 14, 5], "texture": "#0"},
				"west": {"uv": [13, 4, 14, 5], "texture": "#0"},
				"up": {"uv": [13, 4, 14, 5], "texture": "#0"},
				"down": {"uv": [13, 4, 14, 5], "texture": "#0"}
			}
		},
		{
			"name": "enchanted_iron_sword_7",
			"from": [8.04161, 5.95347, 7.84645],
			"to": [9.04161, 10.95347, 8.84645],
			"light_emission": 15,
			"rotation": {"angle": 0, "axis": "y", "origin": [8.05, 7.71186, 8.34645]},
			"faces": {
				"north": {"uv": [9, 5, 8, 10], "texture": "#0"},
				"east": {"uv": [8, 5, 9, 10], "texture": "#0"},
				"south": {"uv": [8, 5, 9, 10], "texture": "#0"},
				"west": {"uv": [8, 5, 9, 10], "texture": "#0"},
				"up": {"uv": [8, 5, 9, 6], "texture": "#0"},
				"down": {"uv": [8, 9, 9, 10], "texture": "#0"}
			}
		},
		{
			"name": "enchanted_iron_sword_8",
			"from": [2.04161, 7.95347, 7.84645],
			"to": [4.04161, 9.95347, 8.84645],
			"light_emission": 15,
			"rotation": {"angle": 0, "axis": "y", "origin": [8.05, 7.71186, 8.34645]},
			"faces": {
				"north": {"uv": [4, 6, 2, 8], "texture": "#0"},
				"east": {"uv": [3, 6, 4, 8], "texture": "#0"},
				"south": {"uv": [2, 6, 4, 8], "texture": "#0"},
				"west": {"uv": [2, 6, 3, 8], "texture": "#0"},
				"up": {"uv": [2, 6, 4, 7], "texture": "#0"},
				"down": {"uv": [2, 7, 4, 8], "texture": "#0"}
			}
		},
		{
			"name": "enchanted_iron_sword_9",
			"from": [7.04161, 2.95347, 7.84645],
			"to": [8.04161, 9.95347, 8.84645],
			"light_emission": 15,
			"rotation": {"angle": 0, "axis": "y", "origin": [8.05, 7.71186, 8.34645]},
			"faces": {
				"north": {"uv": [8, 6, 7, 13], "texture": "#0"},
				"east": {"uv": [7, 6, 8, 13], "texture": "#0"},
				"south": {"uv": [7, 6, 8, 13], "texture": "#0"},
				"west": {"uv": [7, 6, 8, 13], "texture": "#0"},
				"up": {"uv": [7, 6, 8, 7], "texture": "#0"},
				"down": {"uv": [7, 12, 8, 13], "texture": "#0"}
			}
		},
		{
			"name": "enchanted_iron_sword_10",
			"from": [4.04161, 2.95347, 7.84645],
			"to": [5.04161, 8.95347, 8.84645],
			"light_emission": 15,
			"rotation": {"angle": 0, "axis": "y", "origin": [8.05, 7.71186, 8.34645]},
			"faces": {
				"north": {"uv": [5, 7, 4, 13], "texture": "#0"},
				"east": {"uv": [4, 7, 5, 13], "texture": "#0"},
				"south": {"uv": [4, 7, 5, 13], "texture": "#0"},
				"west": {"uv": [4, 7, 5, 13], "texture": "#0"},
				"up": {"uv": [4, 7, 5, 8], "texture": "#0"},
				"down": {"uv": [4, 12, 5, 13], "texture": "#0"}
			}
		},
		{
			"name": "enchanted_iron_sword_11",
			"from": [6.04161, 2.95347, 7.84645],
			"to": [7.04161, 8.95347, 8.84645],
			"light_emission": 15,
			"rotation": {"angle": 0, "axis": "y", "origin": [8.05, 7.71186, 8.34645]},
			"faces": {
				"north": {"uv": [7, 7, 6, 13], "texture": "#0"},
				"east": {"uv": [6, 7, 7, 13], "texture": "#0"},
				"south": {"uv": [6, 7, 7, 13], "texture": "#0"},
				"west": {"uv": [6, 7, 7, 13], "texture": "#0"},
				"up": {"uv": [6, 7, 7, 8], "texture": "#0"},
				"down": {"uv": [6, 12, 7, 13], "texture": "#0"}
			}
		},
		{
			"name": "enchanted_iron_sword_12",
			"from": [3.04161, 5.95347, 7.84645],
			"to": [4.04161, 7.95347, 8.84645],
			"light_emission": 15,
			"rotation": {"angle": 0, "axis": "y", "origin": [8.05, 7.71186, 8.34645]},
			"faces": {
				"north": {"uv": [4, 8, 3, 10], "texture": "#0"},
				"east": {"uv": [3, 8, 4, 10], "texture": "#0"},
				"south": {"uv": [3, 8, 4, 10], "texture": "#0"},
				"west": {"uv": [3, 8, 4, 10], "texture": "#0"},
				"up": {"uv": [3, 8, 4, 9], "texture": "#0"},
				"down": {"uv": [3, 9, 4, 10], "texture": "#0"}
			}
		},
		{
			"name": "enchanted_iron_sword_13",
			"from": [5.04161, 3.95347, 7.84645],
			"to": [6.04161, 7.95347, 8.84645],
			"light_emission": 15,
			"rotation": {"angle": 0, "axis": "y", "origin": [8.05, 7.71186, 8.34645]},
			"faces": {
				"north": {"uv": [6, 8, 5, 12], "texture": "#0"},
				"east": {"uv": [5, 8, 6, 12], "texture": "#0"},
				"south": {"uv": [5, 8, 6, 12], "texture": "#0"},
				"west": {"uv": [5, 8, 6, 12], "texture": "#0"},
				"up": {"uv": [5, 8, 6, 9], "texture": "#0"},
				"down": {"uv": [5, 11, 6, 12], "texture": "#0"}
			}
		},
		{
			"name": "enchanted_iron_sword_14",
			"from": [3.04161, 1.95347, 7.84645],
			"to": [4.04161, 4.95347, 8.84645],
			"light_emission": 15,
			"rotation": {"angle": 0, "axis": "y", "origin": [8.05, 7.71186, 8.34645]},
			"faces": {
				"north": {"uv": [4, 11, 3, 14], "texture": "#0"},
				"east": {"uv": [3, 11, 4, 14], "texture": "#0"},
				"south": {"uv": [3, 11, 4, 14], "texture": "#0"},
				"west": {"uv": [3, 11, 4, 14], "texture": "#0"},
				"up": {"uv": [3, 11, 4, 12], "texture": "#0"},
				"down": {"uv": [3, 13, 4, 14], "texture": "#0"}
			}
		},
		{
			"name": "enchanted_iron_sword_15",
			"from": [8.04161, 1.95347, 7.84645],
			"to": [9.04161, 4.95347, 8.84645],
			"light_emission": 15,
			"rotation": {"angle": 0, "axis": "y", "origin": [8.05, 7.71186, 8.34645]},
			"faces": {
				"north": {"uv": [9, 11, 8, 14], "texture": "#0"},
				"east": {"uv": [8, 11, 9, 14], "texture": "#0"},
				"south": {"uv": [8, 11, 9, 14], "texture": "#0"},
				"west": {"uv": [8, 11, 9, 14], "texture": "#0"},
				"up": {"uv": [8, 11, 9, 12], "texture": "#0"},
				"down": {"uv": [8, 13, 9, 14], "texture": "#0"}
			}
		},
		{
			"name": "enchanted_iron_sword_16",
			"from": [2.04161, -0.04653, 7.84645],
			"to": [3.04161, 3.95347, 8.84645],
			"light_emission": 15,
			"rotation": {"angle": 0, "axis": "y", "origin": [8.05, 7.71186, 8.34645]},
			"faces": {
				"north": {"uv": [3, 12, 2, 16], "texture": "#0"},
				"east": {"uv": [2, 12, 3, 16], "texture": "#0"},
				"south": {"uv": [2, 12, 3, 16], "texture": "#0"},
				"west": {"uv": [2, 12, 3, 16], "texture": "#0"},
				"up": {"uv": [2, 12, 3, 13], "texture": "#0"},
				"down": {"uv": [2, 15, 3, 16], "texture": "#0"}
			}
		},
		{
			"name": "enchanted_iron_sword_17",
			"from": [9.04161, 1.95347, 7.84645],
			"to": [10.04161, 3.95347, 8.84645],
			"light_emission": 15,
			"rotation": {"angle": 0, "axis": "y", "origin": [8.05, 7.71186, 8.34645]},
			"faces": {
				"north": {"uv": [10, 12, 9, 14], "texture": "#0"},
				"east": {"uv": [9, 12, 10, 14], "texture": "#0"},
				"south": {"uv": [9, 12, 10, 14], "texture": "#0"},
				"west": {"uv": [9, 12, 10, 14], "texture": "#0"},
				"up": {"uv": [9, 12, 10, 13], "texture": "#0"},
				"down": {"uv": [9, 13, 10, 14], "texture": "#0"}
			}
		},
		{
			"name": "enchanted_iron_sword_18",
			"from": [0.04161, -0.04653, 7.84645],
			"to": [2.04161, 2.95347, 8.84645],
			"light_emission": 15,
			"rotation": {"angle": 0, "axis": "y", "origin": [8.05, 7.71186, 8.34645]},
			"faces": {
				"north": {"uv": [2, 13, 0, 16], "texture": "#0"},
				"east": {"uv": [1, 13, 2, 16], "texture": "#0"},
				"south": {"uv": [0, 13, 2, 16], "texture": "#0"},
				"west": {"uv": [0, 13, 1, 16], "texture": "#0"},
				"up": {"uv": [0, 13, 2, 14], "texture": "#0"},
				"down": {"uv": [0, 15, 2, 16], "texture": "#0"}
			}
		},
		{
			"name": "cube_outline",
			"from": [3.17445, 3.05347, 8.94645],
			"to": [-0.02555, -0.14653, 7.74645],
			"light_emission": 15,
			"rotation": {"angle": 0, "axis": "y", "origin": [8.05, 7.71186, 8.34645]},
			"faces": {
				"north": {"uv": [2.5, 0, 4, 1.5], "texture": "#1"},
				"east": {"uv": [10.5, 1.5, 11, 3], "texture": "#1"},
				"south": {"uv": [2.5, 2, 4, 3.5], "texture": "#1"},
				"west": {"uv": [3.5, 11, 4, 12.5], "texture": "#1"},
				"up": {"uv": [12, 4, 10.5, 3.5], "texture": "#1"},
				"down": {"uv": [12.5, 4.5, 11, 5], "texture": "#1"}
			}
		},
		{
			"name": "cube_outline",
			"from": [5.1644, 5.04342, 8.94645],
			"to": [2.9644, 2.84342, 7.74645],
			"light_emission": 15,
			"rotation": {"angle": 0, "axis": "y", "origin": [8.05, 7.71186, 8.34645]},
			"faces": {
				"north": {"uv": [9.5, 9.5, 10.5, 10.5], "texture": "#1"},
				"east": {"uv": [15.5, 8.5, 16, 16], "texture": "#1"},
				"south": {"uv": [10, 0, 11, 1], "texture": "#1"},
				"west": {"uv": [14.5, 0, 15, 1], "texture": "#1"},
				"up": {"uv": [2, 15, 1, 14.5], "texture": "#1"},
				"down": {"uv": [15.5, 3, 14.5, 3.5], "texture": "#1"}
			}
		},
		{
			"name": "cube_outline",
			"from": [4.1644, 4.04342, 8.94645],
			"to": [1.9644, 1.84342, 7.74645],
			"light_emission": 15,
			"rotation": {"angle": 0, "axis": "y", "origin": [7.05, 6.71186, 8.34645]},
			"faces": {
				"north": {"uv": [9.5, 9.5, 10.5, 10.5], "texture": "#1"},
				"east": {"uv": [15.5, 8.5, 16, 16], "texture": "#1"},
				"south": {"uv": [10, 0, 11, 1], "texture": "#1"},
				"west": {"uv": [14.5, 0, 15, 1], "texture": "#1"},
				"up": {"uv": [2, 15, 1, 14.5], "texture": "#1"},
				"down": {"uv": [15.5, 3, 14.5, 3.5], "texture": "#1"}
			}
		},
		{
			"name": "cube_outline",
			"from": [8.17445, 8.05347, 8.94645],
			"to": [3.97445, 3.85347, 7.74645],
			"light_emission": 15,
			"rotation": {"angle": 0, "axis": "y", "origin": [8.05, 7.71186, 8.34645]},
			"faces": {
				"north": {"uv": [0, 0, 2, 2], "texture": "#1"},
				"east": {"uv": [15, 8, 15.5, 16], "texture": "#1"},
				"south": {"uv": [0, 2.5, 2, 4.5], "texture": "#1"},
				"west": {"uv": [2.5, 10, 3, 12], "texture": "#1"},
				"up": {"uv": [10.5, 5.5, 8.5, 5], "texture": "#1"},
				"down": {"uv": [5.5, 10, 3.5, 10.5], "texture": "#1"}
			}
		},
		{
			"name": "cube_outline",
			"from": [9.17445, 9.05347, 8.94645],
			"to": [5.97445, 5.75347, 7.74645],
			"light_emission": 15,
			"rotation": {"angle": 0, "axis": "y", "origin": [8.05, 7.61186, 8.34645]},
			"faces": {
				"north": {"uv": [2.5, 4, 4, 5.5], "texture": "#1"},
				"east": {"uv": [4.5, 11, 5, 12.5], "texture": "#1"},
				"south": {"uv": [4.5, 0, 6, 1.5], "texture": "#1"},
				"west": {"uv": [11, 7.5, 11.5, 9], "texture": "#1"},
				"up": {"uv": [10.5, 11.5, 9, 11], "texture": "#1"},
				"down": {"uv": [12.5, 9.5, 11, 10], "texture": "#1"}
			}
		},
		{
			"name": "cube_outline",
			"from": [10.1644, 10.04342, 8.94645],
			"to": [6.9644, 6.84342, 7.74645],
			"light_emission": 15,
			"rotation": {"angle": 0, "axis": "y", "origin": [8.05, 7.71186, 8.34645]},
			"faces": {
				"north": {"uv": [4.5, 2, 6, 3.5], "texture": "#1"},
				"east": {"uv": [11, 10.5, 11.5, 12], "texture": "#1"},
				"south": {"uv": [4.5, 4, 6, 5.5], "texture": "#1"},
				"west": {"uv": [11.5, 0, 12, 1.5], "texture": "#1"},
				"up": {"uv": [13, 2.5, 11.5, 2], "texture": "#1"},
				"down": {"uv": [7, 11.5, 5.5, 12], "texture": "#1"}
			}
		},
		{
			"name": "cube_outline",
			"from": [11.15435, 11.03337, 8.94645],
			"to": [7.95435, 7.83337, 7.74645],
			"light_emission": 15,
			"rotation": {"angle": 0, "axis": "y", "origin": [8.05, 7.71186, 8.34645]},
			"faces": {
				"north": {"uv": [0, 5, 1.5, 6.5], "texture": "#1"},
				"east": {"uv": [11.5, 5.5, 12, 7], "texture": "#1"},
				"south": {"uv": [2, 6, 3.5, 7.5], "texture": "#1"},
				"west": {"uv": [7.5, 11.5, 8, 13], "texture": "#1"},
				"up": {"uv": [13.5, 8, 12, 7.5], "texture": "#1"},
				"down": {"uv": [10, 12, 8.5, 12.5], "texture": "#1"}
			}
		},
		{
			"name": "cube_outline",
			"from": [14.1242, 14.00322, 8.94645],
			"to": [10.9242, 10.80322, 7.74645],
			"light_emission": 15,
			"rotation": {"angle": 0, "axis": "y", "origin": [8.05, 7.71186, 8.34645]},
			"faces": {
				"north": {"uv": [4, 6, 5.5, 7.5], "texture": "#1"},
				"east": {"uv": [0, 12, 0.5, 13.5], "texture": "#1"},
				"south": {"uv": [6, 6, 7.5, 7.5], "texture": "#1"},
				"west": {"uv": [12, 10.5, 12.5, 12], "texture": "#1"},
				"up": {"uv": [13.5, 9, 12, 8.5], "texture": "#1"},
				"down": {"uv": [14, 0, 12.5, 0.5], "texture": "#1"}
			}
		},
		{
			"name": "cube_outline",
			"from": [13.13425, 13.01327, 8.94645],
			"to": [9.93425, 9.81327, 7.74645],
			"light_emission": 15,
			"rotation": {"angle": 0, "axis": "y", "origin": [8.05, 7.71186, 8.34645]},
			"faces": {
				"north": {"uv": [6.5, 0, 8, 1.5], "texture": "#1"},
				"east": {"uv": [1, 12.5, 1.5, 14], "texture": "#1"},
				"south": {"uv": [6.5, 2, 8, 3.5], "texture": "#1"},
				"west": {"uv": [2, 12.5, 2.5, 14], "texture": "#1"},
				"up": {"uv": [14, 1.5, 12.5, 1], "texture": "#1"},
				"down": {"uv": [14, 3, 12.5, 3.5], "texture": "#1"}
			}
		},
		{
			"name": "cube_outline",
			"from": [16.17481, 16.05383, 8.94645],
			"to": [12.97481, 12.85383, 7.74645],
			"light_emission": 15,
			"rotation": {"angle": 0, "axis": "y", "origin": [8.05, 7.71186, 8.34645]},
			"faces": {
				"north": {"uv": [6.5, 4, 8, 5.5], "texture": "#1"},
				"east": {"uv": [5.5, 12.5, 6, 14], "texture": "#1"},
				"south": {"uv": [0, 7, 1.5, 8.5], "texture": "#1"},
				"west": {"uv": [12.5, 5.5, 13, 7], "texture": "#1"},
				"up": {"uv": [12, 13, 10.5, 12.5], "texture": "#1"},
				"down": {"uv": [14, 12.5, 12.5, 13], "texture": "#1"}
			}
		},
		{
			"name": "cube_outline",
			"from": [15.18486, 15.06388, 8.94645],
			"to": [11.98486, 11.86388, 7.74645],
			"light_emission": 15,
			"rotation": {"angle": 0, "axis": "y", "origin": [8.05, 7.71186, 8.34645]},
			"faces": {
				"north": {"uv": [2, 8, 3.5, 9.5], "texture": "#1"},
				"east": {"uv": [6.5, 12.5, 7, 14], "texture": "#1"},
				"south": {"uv": [4, 8, 5.5, 9.5], "texture": "#1"},
				"west": {"uv": [3, 13, 3.5, 14.5], "texture": "#1"},
				"up": {"uv": [14.5, 4.5, 13, 4], "texture": "#1"},
				"down": {"uv": [10, 13, 8.5, 13.5], "texture": "#1"}
			}
		},
		{
			"name": "cube_outline",
			"from": [12.1443, 12.02332, 8.94645],
			"to": [8.9443, 8.82332, 7.74645],
			"light_emission": 15,
			"rotation": {"angle": 0, "axis": "y", "origin": [8.05, 7.71186, 8.34645]},
			"faces": {
				"north": {"uv": [6, 8, 7.5, 9.5], "texture": "#1"},
				"east": {"uv": [4, 13, 4.5, 14.5], "texture": "#1"},
				"south": {"uv": [8, 6, 9.5, 7.5], "texture": "#1"},
				"west": {"uv": [13, 9.5, 13.5, 11], "texture": "#1"},
				"up": {"uv": [14.5, 12, 13, 11.5], "texture": "#1"},
				"down": {"uv": [15, 2, 13.5, 2.5], "texture": "#1"}
			}
		},
		{
			"name": "cube_outline",
			"from": [5.17445, 9.05347, 8.94645],
			"to": [2.97445, 5.85347, 7.74645],
			"light_emission": 15,
			"rotation": {"angle": 0, "axis": "y", "origin": [8.05, 7.71186, 8.34645]},
			"faces": {
				"north": {"uv": [8, 8, 9, 9.5], "texture": "#1"},
				"east": {"uv": [13.5, 5, 14, 6.5], "texture": "#1"},
				"south": {"uv": [8.5, 0, 9.5, 1.5], "texture": "#1"},
				"west": {"uv": [7.5, 13.5, 8, 15], "texture": "#1"},
				"up": {"uv": [6, 15, 5, 14.5], "texture": "#1"},
				"down": {"uv": [15.5, 5, 14.5, 5.5], "texture": "#1"}
			}
		},
		{
			"name": "cube_outline",
			"from": [4.17445, 10.05347, 8.94645],
			"to": [1.97445, 7.85347, 7.74645],
			"light_emission": 15,
			"rotation": {"angle": 0, "axis": "y", "origin": [8.05, 7.71186, 8.34645]},
			"faces": {
				"north": {"uv": [6, 10, 7, 11], "texture": "#1"},
				"east": {"uv": [6.5, 14.5, 7, 15.5], "texture": "#1"},
				"south": {"uv": [10, 6, 11, 7], "texture": "#1"},
				"west": {"uv": [10, 14.5, 10.5, 15.5], "texture": "#1"},
				"up": {"uv": [15.5, 6.5, 14.5, 6], "texture": "#1"},
				"down": {"uv": [12, 14.5, 11, 15], "texture": "#1"}
			}
		},
		{
			"name": "cube_outline",
			"from": [6.77445, 9.05347, 8.94645],
			"to": [4.77445, 7.85347, 7.74645],
			"light_emission": 15,
			"rotation": {"angle": 0, "axis": "y", "origin": [10.85, 7.71186, 8.34645]},
			"faces": {
				"north": {"uv": [6, 10, 7, 11], "texture": "#1"},
				"east": {"uv": [14.5, 15.5, 15, 16], "texture": "#1"},
				"south": {"uv": [10, 6, 11, 7], "texture": "#1"},
				"west": {"uv": [15, 15.5, 14.5, 16], "texture": "#1"},
				"up": {"uv": [14, 16, 13.5, 15.5], "texture": "#1"},
				"down": {"uv": [12, 14.5, 11, 15], "texture": "#1"}
			}
		},
		{
			"name": "cube_outline",
			"from": [10.16207, 4.06586, 8.94645],
			"to": [7.96207, 1.86586, 7.74645],
			"light_emission": 15,
			"rotation": {"angle": 0, "axis": "y", "origin": [8.05, 7.71186, 8.34645]},
			"faces": {
				"north": {"uv": [7.5, 10, 8.5, 11], "texture": "#1"},
				"east": {"uv": [12.5, 14.5, 13, 15.5], "texture": "#1"},
				"south": {"uv": [0, 10.5, 1, 11.5], "texture": "#1"},
				"west": {"uv": [14.5, 12.5, 15, 13.5], "texture": "#1"},
				"up": {"uv": [14.5, 15, 13.5, 14.5], "texture": "#1"},
				"down": {"uv": [3.5, 15, 2.5, 15.5], "texture": "#1"}
			}
		},
		{
			"name": "cube_outline",
			"from": [9.16207, 5.06586, 8.94645],
			"to": [5.96207, 2.86586, 7.74645],
			"light_emission": 15,
			"rotation": {"angle": 0, "axis": "y", "origin": [8.05, 7.71186, 8.34645]},
			"faces": {
				"north": {"uv": [8.5, 2, 10, 3], "texture": "#1"},
				"east": {"uv": [4, 15, 4.5, 16], "texture": "#1"},
				"south": {"uv": [8.5, 3.5, 10, 4.5], "texture": "#1"},
				"west": {"uv": [15, 7, 15.5, 8], "texture": "#1"},
				"up": {"uv": [12, 14, 10.5, 13.5], "texture": "#1"},
				"down": {"uv": [14, 13.5, 12.5, 14], "texture": "#1"}
			}
		}
	],
	"display": {
		"thirdperson_righthand": {
			"rotation": [0, -90, 55],
			"translation": [0, 4, 0.5],
			"scale": [0.85, 0.85, 0.85]
		},
		"thirdperson_lefthand": {
			"rotation": [0, 90, -55],
			"translation": [0, 4, 0.5],
			"scale": [0.85, 0.85, 0.85]
		},
		"firstperson_righthand": {
			"rotation": [0, -90, 25],
			"translation": [1.13, 3.2, 1.13],
			"scale": [0.68, 0.68, 0.68]
		},
		"firstperson_lefthand": {
			"rotation": [0, 90, -25],
			"translation": [1.13, 3.2, 1.13],
			"scale": [0.68, 0.68, 0.68]
		},
		"gui": {
			"rotation": [90, 45, -90],
			"translation": [-2.75, -2, 0]
		}
	},
	"groups": [
		{
			"name": "enchanted_iron_sword",
			"origin": [8, 8, 8],
			"color": 0,
			"children": [0, 1, 2, 3, 4, 5, 6, 7, 8, 9, 10, 11, 12, 13, 14, 15, 16, 17, 18]
		},
		{
			"name": "group",
			"origin": [8, 11.3, 8],
			"color": 0,
			"children": [19, 20, 21, 22, 23, 24, 25, 26, 27, 28, 29, 30, 31, 32, 33, 34, 35]
		}
	]
}