{
	"format_version": "1.21.6",
	"credit": "Made with Blockbench",
	"textures": {
		"3": "item/enchant_glint",
		"4": "item/crossbow_pulling_0_model",
		"particle": "item/crossbow_pulling_0_model"
	},
	"elements": [
		{
			"from": [1, 2, 7.5],
			"to": [3, 3, 8.5],
			"light_emission": 15,
			"rotation": {"angle": 0, "axis": "y", "origin": [0, 2, 7.5]},
			"faces": {
				"north": {"uv": [3, 13, 1, 14], "texture": "#4", "cullface": "north"},
				"east": {"uv": [2, 13, 3, 14], "texture": "#4", "cullface": "east"},
				"south": {"uv": [1, 13, 3, 14], "texture": "#4", "cullface": "south"},
				"west": {"uv": [1, 13, 2, 14], "texture": "#4", "cullface": "west"},
				"up": {"uv": [1, 13, 3, 14], "texture": "#4", "cullface": "up"},
				"down": {"uv": [1, 13, 3, 14], "texture": "#4", "cullface": "down"}
			}
		},
		{
			"from": [0, 3, 7.5],
			"to": [3, 4, 8.5],
			"light_emission": 15,
			"rotation": {"angle": 0, "axis": "y", "origin": [0, 3, 7.5]},
			"faces": {
				"north": {"uv": [3, 12, 0, 13], "texture": "#4", "cullface": "north"},
				"east": {"uv": [2, 12, 3, 13], "texture": "#4", "cullface": "east"},
				"south": {"uv": [0, 12, 3, 13], "texture": "#4", "cullface": "south"},
				"west": {"uv": [0, 12, 1, 13], "texture": "#4", "cullface": "west"},
				"up": {"uv": [0, 12, 3, 13], "texture": "#4", "cullface": "up"},
				"down": {"uv": [0, 12, 3, 13], "texture": "#4", "cullface": "down"}
			}
		},
		{
			"from": [1, 4, 7.5],
			"to": [3, 5, 8.5],
			"light_emission": 15,
			"rotation": {"angle": 0, "axis": "y", "origin": [0, 4, 7.5]},
			"faces": {
				"north": {"uv": [3, 11, 1, 12], "texture": "#4", "cullface": "north"},
				"east": {"uv": [2, 11, 3, 12], "texture": "#4", "cullface": "east"},
				"south": {"uv": [1, 11, 3, 12], "texture": "#4", "cullface": "south"},
				"west": {"uv": [1, 11, 2, 12], "texture": "#4", "cullface": "west"},
				"up": {"uv": [1, 11, 3, 12], "texture": "#4", "cullface": "up"},
				"down": {"uv": [1, 11, 3, 12], "texture": "#4", "cullface": "down"}
			}
		},
		{
			"from": [1, 5, 7.5],
			"to": [3, 6, 8.5],
			"light_emission": 15,
			"rotation": {"angle": 0, "axis": "y", "origin": [0, 5, 7.5]},
			"faces": {
				"north": {"uv": [3, 10, 1, 11], "texture": "#4", "cullface": "north"},
				"east": {"uv": [2, 10, 3, 11], "texture": "#4", "cullface": "east"},
				"south": {"uv": [1, 10, 3, 11], "texture": "#4", "cullface": "south"},
				"west": {"uv": [1, 10, 2, 11], "texture": "#4", "cullface": "west"},
				"up": {"uv": [1, 10, 3, 11], "texture": "#4", "cullface": "up"},
				"down": {"uv": [1, 10, 3, 11], "texture": "#4", "cullface": "down"}
			}
		},
		{
			"from": [1, 6, 7.5],
			"to": [4, 7, 8.5],
			"light_emission": 15,
			"rotation": {"angle": 0, "axis": "y", "origin": [0, 6, 7.5]},
			"faces": {
				"north": {"uv": [4, 9, 1, 10], "texture": "#4", "cullface": "north"},
				"east": {"uv": [3, 9, 4, 10], "texture": "#4", "cullface": "east"},
				"south": {"uv": [1, 9, 4, 10], "texture": "#4", "cullface": "south"},
				"west": {"uv": [1, 9, 2, 10], "texture": "#4", "cullface": "west"},
				"up": {"uv": [1, 9, 4, 10], "texture": "#4", "cullface": "up"},
				"down": {"uv": [1, 9, 4, 10], "texture": "#4", "cullface": "down"}
			}
		},
		{
			"from": [1, 7, 7.5],
			"to": [4, 8, 8.5],
			"light_emission": 15,
			"rotation": {"angle": 0, "axis": "y", "origin": [0, 7, 7.5]},
			"faces": {
				"north": {"uv": [4, 8, 1, 9], "texture": "#4", "cullface": "north"},
				"east": {"uv": [3, 8, 4, 9], "texture": "#4", "cullface": "east"},
				"south": {"uv": [1, 8, 4, 9], "texture": "#4", "cullface": "south"},
				"west": {"uv": [1, 8, 2, 9], "texture": "#4", "cullface": "west"},
				"up": {"uv": [1, 8, 4, 9], "texture": "#4", "cullface": "up"},
				"down": {"uv": [1, 8, 4, 9], "texture": "#4", "cullface": "down"}
			}
		},
		{
			"from": [2, 8, 7.5],
			"to": [11, 9, 8.5],
			"light_emission": 15,
			"rotation": {"angle": 0, "axis": "y", "origin": [1, 8, 7.5]},
			"faces": {
				"north": {"uv": [11, 7, 2, 8], "texture": "#4", "cullface": "north"},
				"east": {"uv": [10, 7, 11, 8], "texture": "#4", "cullface": "east"},
				"south": {"uv": [2, 7, 11, 8], "texture": "#4", "cullface": "south"},
				"west": {"uv": [2, 7, 3, 8], "texture": "#4", "cullface": "west"},
				"up": {"uv": [2, 7, 11, 8], "texture": "#4", "cullface": "up"},
				"down": {"uv": [2, 7, 11, 8], "texture": "#4", "cullface": "down"}
			}
		},
		{
			"from": [2, 9, 7.5],
			"to": [10, 10, 8.5],
			"light_emission": 15,
			"rotation": {"angle": 0, "axis": "y", "origin": [1, 9, 7.5]},
			"faces": {
				"north": {"uv": [10, 6, 2, 7], "texture": "#4", "cullface": "north"},
				"east": {"uv": [9, 6, 10, 7], "texture": "#4", "cullface": "east"},
				"south": {"uv": [2, 6, 10, 7], "texture": "#4", "cullface": "south"},
				"west": {"uv": [2, 6, 3, 7], "texture": "#4", "cullface": "west"},
				"up": {"uv": [2, 6, 10, 7], "texture": "#4", "cullface": "up"},
				"down": {"uv": [2, 6, 10, 7], "texture": "#4", "cullface": "down"}
			}
		},
		{
			"from": [3, 10, 7.5],
			"to": [9, 11, 8.5],
			"light_emission": 15,
			"rotation": {"angle": 0, "axis": "y", "origin": [1, 10, 7.5]},
			"faces": {
				"north": {"uv": [9, 5, 3, 6], "texture": "#4", "cullface": "north"},
				"east": {"uv": [8, 5, 9, 6], "texture": "#4", "cullface": "east"},
				"south": {"uv": [3, 5, 9, 6], "texture": "#4", "cullface": "south"},
				"west": {"uv": [3, 5, 4, 6], "texture": "#4", "cullface": "west"},
				"up": {"uv": [3, 5, 9, 6], "texture": "#4", "cullface": "up"},
				"down": {"uv": [3, 5, 9, 6], "texture": "#4", "cullface": "down"}
			}
		},
		{
			"from": [4, 11, 7.5],
			"to": [8, 12, 8.5],
			"light_emission": 15,
			"rotation": {"angle": 0, "axis": "y", "origin": [1, 11, 7.5]},
			"faces": {
				"north": {"uv": [8, 4, 4, 5], "texture": "#4", "cullface": "north"},
				"east": {"uv": [7, 4, 8, 5], "texture": "#4", "cullface": "east"},
				"south": {"uv": [4, 4, 8, 5], "texture": "#4", "cullface": "south"},
				"west": {"uv": [4, 4, 5, 5], "texture": "#4", "cullface": "west"},
				"up": {"uv": [4, 4, 8, 5], "texture": "#4", "cullface": "up"},
				"down": {"uv": [4, 4, 8, 5], "texture": "#4", "cullface": "down"}
			}
		},
		{
			"from": [5, 12, 7.5],
			"to": [11, 13, 8.5],
			"light_emission": 15,
			"rotation": {"angle": 0, "axis": "y", "origin": [2, 12, 7.5]},
			"faces": {
				"north": {"uv": [11, 3, 5, 4], "texture": "#4", "cullface": "north"},
				"east": {"uv": [10, 3, 11, 4], "texture": "#4", "cullface": "east"},
				"south": {"uv": [5, 3, 11, 4], "texture": "#4", "cullface": "south"},
				"west": {"uv": [5, 3, 6, 4], "texture": "#4", "cullface": "west"},
				"up": {"uv": [5, 3, 11, 4], "texture": "#4", "cullface": "up"},
				"down": {"uv": [5, 3, 11, 4], "texture": "#4", "cullface": "down"}
			}
		},
		{
			"from": [6, 13, 7.5],
			"to": [14, 14, 8.5],
			"light_emission": 15,
			"rotation": {"angle": 0, "axis": "y", "origin": [3, 13, 7.5]},
			"faces": {
				"north": {"uv": [14, 2, 6, 3], "texture": "#4", "cullface": "north"},
				"east": {"uv": [13, 2, 14, 3], "texture": "#4", "cullface": "east"},
				"south": {"uv": [6, 2, 14, 3], "texture": "#4", "cullface": "south"},
				"west": {"uv": [6, 2, 7, 3], "texture": "#4", "cullface": "west"},
				"up": {"uv": [6, 2, 14, 3], "texture": "#4", "cullface": "up"},
				"down": {"uv": [6, 2, 14, 3], "texture": "#4", "cullface": "down"}
			}
		},
		{
			"from": [8, 14, 7.5],
			"to": [14, 15, 8.5],
			"light_emission": 15,
			"rotation": {"angle": 0, "axis": "y", "origin": [5, 14, 7.5]},
			"faces": {
				"north": {"uv": [14, 1, 8, 2], "texture": "#4", "cullface": "north"},
				"east": {"uv": [13, 1, 14, 2], "texture": "#4", "cullface": "east"},
				"south": {"uv": [8, 1, 14, 2], "texture": "#4", "cullface": "south"},
				"west": {"uv": [8, 1, 9, 2], "texture": "#4", "cullface": "west"},
				"up": {"uv": [8, 1, 14, 2], "texture": "#4", "cullface": "up"},
				"down": {"uv": [8, 1, 14, 2], "texture": "#4", "cullface": "down"}
			}
		},
		{
			"from": [12, 15, 7.5],
			"to": [13, 16, 8.5],
			"light_emission": 15,
			"rotation": {"angle": 0, "axis": "y", "origin": [5, 15, 7.5]},
			"faces": {
				"north": {"uv": [12, 0, 13, 1], "texture": "#4", "cullface": "west"},
				"east": {"uv": [12, 0, 13, 1], "texture": "#4", "cullface": "west"},
				"south": {"uv": [12, 0, 13, 1], "texture": "#4", "cullface": "west"},
				"west": {"uv": [12, 0, 13, 1], "texture": "#4", "cullface": "west"},
				"up": {"uv": [12, 0, 13, 1], "texture": "#4", "cullface": "west"},
				"down": {"uv": [12, 0, 13, 1], "texture": "#4", "cullface": "west"}
			}
		},
		{
			"from": [2, 11, 7.5],
			"to": [3, 12, 8.5],
			"light_emission": 15,
			"rotation": {"angle": 0, "axis": "y", "origin": [-5, 11, 7.5]},
			"faces": {
				"north": {"uv": [3, 4, 2, 5], "texture": "#4", "cullface": "west"},
				"east": {"uv": [2, 4, 3, 5], "texture": "#4", "cullface": "west"},
				"south": {"uv": [2, 4, 3, 5], "texture": "#4", "cullface": "west"},
				"west": {"uv": [2, 4, 3, 5], "texture": "#4", "cullface": "west"},
				"up": {"uv": [2, 4, 3, 5], "texture": "#4", "cullface": "west"},
				"down": {"uv": [2, 4, 3, 5], "texture": "#4", "cullface": "west"}
			}
		},
		{
			"from": [3, 3, 7.5],
			"to": [5, 4, 8.5],
			"light_emission": 15,
			"rotation": {"angle": 0, "axis": "y", "origin": [-4, 3, 7.5]},
			"faces": {
				"north": {"uv": [4, 12, 3, 13], "texture": "#4", "cullface": "west"},
				"east": {"uv": [3, 12, 4, 13], "texture": "#4", "cullface": "west"},
				"south": {"uv": [3, 12, 4, 13], "texture": "#4", "cullface": "west"},
				"west": {"uv": [3, 12, 4, 13], "texture": "#4", "cullface": "west"},
				"up": {"uv": [3, 12, 4, 13], "texture": "#4", "cullface": "west"},
				"down": {"uv": [3, 12, 4, 13], "texture": "#4", "cullface": "west"}
			}
		},
		{
			"from": [6, 5, 7.5],
			"to": [7, 6, 8.5],
			"light_emission": 15,
			"rotation": {"angle": 0, "axis": "y", "origin": [-1, 5, 7.5]},
			"faces": {
				"north": {"uv": [7, 10, 6, 11], "texture": "#4", "cullface": "west"},
				"east": {"uv": [6, 10, 7, 11], "texture": "#4", "cullface": "west"},
				"south": {"uv": [6, 10, 7, 11], "texture": "#4", "cullface": "west"},
				"west": {"uv": [6, 10, 7, 11], "texture": "#4", "cullface": "west"},
				"up": {"uv": [6, 10, 7, 11], "texture": "#4", "cullface": "west"},
				"down": {"uv": [6, 10, 7, 11], "texture": "#4", "cullface": "west"}
			}
		},
		{
			"from": [5, 4, 7.5],
			"to": [6, 5, 8.5],
			"light_emission": 15,
			"rotation": {"angle": 0, "axis": "y", "origin": [-2, 4, 7.5]},
			"faces": {
				"north": {"uv": [6, 11, 5, 12], "texture": "#4", "cullface": "west"},
				"east": {"uv": [5, 11, 6, 12], "texture": "#4", "cullface": "west"},
				"south": {"uv": [5, 11, 6, 12], "texture": "#4", "cullface": "west"},
				"west": {"uv": [5, 11, 6, 12], "texture": "#4", "cullface": "west"},
				"up": {"uv": [5, 11, 6, 12], "texture": "#4", "cullface": "west"},
				"down": {"uv": [5, 11, 6, 12], "texture": "#4", "cullface": "west"}
			}
		},
		{
			"from": [12, 12, 7.5],
			"to": [13, 13, 8.5],
			"light_emission": 15,
			"rotation": {"angle": 0, "axis": "y", "origin": [5, 12, 7.5]},
			"faces": {
				"north": {"uv": [13, 3, 12, 4], "texture": "#4", "cullface": "west"},
				"east": {"uv": [12, 3, 13, 4], "texture": "#4", "cullface": "west"},
				"south": {"uv": [12, 3, 13, 4], "texture": "#4", "cullface": "west"},
				"west": {"uv": [12, 3, 13, 4], "texture": "#4", "cullface": "west"},
				"up": {"uv": [12, 3, 13, 4], "texture": "#4", "cullface": "west"},
				"down": {"uv": [12, 3, 13, 4], "texture": "#4", "cullface": "west"}
			}
		},
		{
			"from": [12, 11, 7.5],
			"to": [13, 12, 8.5],
			"light_emission": 15,
			"rotation": {"angle": 0, "axis": "y", "origin": [5, 11, 7.5]},
			"faces": {
				"north": {"uv": [13, 4, 12, 5], "texture": "#4", "cullface": "west"},
				"east": {"uv": [12, 4, 13, 5], "texture": "#4", "cullface": "west"},
				"south": {"uv": [12, 4, 13, 5], "texture": "#4", "cullface": "west"},
				"west": {"uv": [12, 4, 13, 5], "texture": "#4", "cullface": "west"},
				"up": {"uv": [12, 4, 13, 5], "texture": "#4", "cullface": "west"},
				"down": {"uv": [12, 4, 13, 5], "texture": "#4", "cullface": "west"}
			}
		},
		{
			"from": [10, 9, 7.5],
			"to": [11, 10, 8.5],
			"light_emission": 15,
			"rotation": {"angle": 0, "axis": "y", "origin": [3, 9, 7.5]},
			"faces": {
				"north": {"uv": [11, 6, 10, 7], "texture": "#4", "cullface": "west"},
				"east": {"uv": [10, 6, 11, 7], "texture": "#4", "cullface": "west"},
				"south": {"uv": [10, 6, 11, 7], "texture": "#4", "cullface": "west"},
				"west": {"uv": [10, 6, 11, 7], "texture": "#4", "cullface": "west"},
				"up": {"uv": [10, 6, 11, 7], "texture": "#4", "cullface": "west"},
				"down": {"uv": [10, 6, 11, 7], "texture": "#4", "cullface": "west"}
			}
		},
		{
			"from": [11, 10, 7.5],
			"to": [12, 11, 8.5],
			"light_emission": 15,
			"rotation": {"angle": 0, "axis": "y", "origin": [4, 10, 7.5]},
			"faces": {
				"north": {"uv": [12, 5, 11, 6], "texture": "#4", "cullface": "west"},
				"east": {"uv": [11, 5, 12, 6], "texture": "#4", "cullface": "west"},
				"south": {"uv": [11, 5, 12, 6], "texture": "#4", "cullface": "west"},
				"west": {"uv": [11, 5, 12, 6], "texture": "#4", "cullface": "west"},
				"up": {"uv": [11, 5, 12, 6], "texture": "#4", "cullface": "west"},
				"down": {"uv": [11, 5, 12, 6], "texture": "#4", "cullface": "west"}
			}
		},
		{
			"from": [2, 12, 7.5],
			"to": [3, 13, 8.5],
			"light_emission": 15,
			"rotation": {"angle": 0, "axis": "y", "origin": [-5, 12, 7.5]},
			"faces": {
				"north": {"uv": [3, 3, 2, 4], "texture": "#4", "cullface": "west"},
				"east": {"uv": [2, 3, 3, 4], "texture": "#4", "cullface": "west"},
				"south": {"uv": [2, 3, 3, 4], "texture": "#4", "cullface": "west"},
				"west": {"uv": [2, 3, 3, 4], "texture": "#4", "cullface": "west"},
				"up": {"uv": [2, 3, 3, 4], "texture": "#4", "cullface": "west"},
				"down": {"uv": [2, 3, 3, 4], "texture": "#4", "cullface": "west"}
			}
		},
		{
			"from": [3, 13, 7.5],
			"to": [5, 14, 8.5],
			"light_emission": 15,
			"rotation": {"angle": 0, "axis": "y", "origin": [-4, 13, 7.5]},
			"faces": {
				"north": {"uv": [5, 2, 3, 3], "texture": "#4", "cullface": "west"},
				"east": {"uv": [4, 2, 5, 3], "texture": "#4", "cullface": "west"},
				"south": {"uv": [3, 2, 5, 3], "texture": "#4", "cullface": "west"},
				"west": {"uv": [3, 2, 4, 3], "texture": "#4", "cullface": "west"},
				"up": {"uv": [3, 2, 5, 3], "texture": "#4", "cullface": "west"},
				"down": {"uv": [3, 2, 5, 3], "texture": "#4", "cullface": "west"}
			}
		},
		{
			"from": [5, 7, 7.5],
			"to": [12, 8, 8.5],
			"light_emission": 15,
			"rotation": {"angle": 0, "axis": "y", "origin": [2, 7, 7.5]},
			"faces": {
				"north": {"uv": [12, 8, 5, 9], "texture": "#4", "cullface": "north"},
				"east": {"uv": [11, 8, 12, 9], "texture": "#4", "cullface": "east"},
				"south": {"uv": [5, 8, 12, 9], "texture": "#4", "cullface": "south"},
				"west": {"uv": [5, 8, 6, 9], "texture": "#4", "cullface": "west"},
				"up": {"uv": [5, 8, 12, 9], "texture": "#4", "cullface": "up"},
				"down": {"uv": [5, 8, 12, 9], "texture": "#4", "cullface": "down"}
			}
		},
		{
			"from": [6, 6, 7.5],
			"to": [13, 7, 8.5],
			"light_emission": 15,
			"rotation": {"angle": 0, "axis": "y", "origin": [3, 6, 7.5]},
			"faces": {
				"north": {"uv": [13, 9, 6, 10], "texture": "#4", "cullface": "north"},
				"east": {"uv": [12, 9, 13, 10], "texture": "#4", "cullface": "east"},
				"south": {"uv": [6, 9, 13, 10], "texture": "#4", "cullface": "south"},
				"west": {"uv": [6, 9, 7, 10], "texture": "#4", "cullface": "west"},
				"up": {"uv": [6, 9, 13, 10], "texture": "#4", "cullface": "up"},
				"down": {"uv": [6, 9, 13, 10], "texture": "#4", "cullface": "down"}
			}
		},
		{
			"from": [7, 5, 7.5],
			"to": [13, 6, 8.5],
			"light_emission": 15,
			"rotation": {"angle": 0, "axis": "y", "origin": [4, 5, 7.5]},
			"faces": {
				"north": {"uv": [13, 10, 7, 11], "texture": "#4", "cullface": "north"},
				"east": {"uv": [12, 10, 13, 11], "texture": "#4", "cullface": "east"},
				"south": {"uv": [7, 10, 13, 11], "texture": "#4", "cullface": "south"},
				"west": {"uv": [7, 10, 8, 11], "texture": "#4", "cullface": "west"},
				"up": {"uv": [7, 10, 13, 11], "texture": "#4", "cullface": "up"},
				"down": {"uv": [7, 10, 13, 11], "texture": "#4", "cullface": "down"}
			}
		},
		{
			"from": [8, 4, 7.5],
			"to": [14, 5, 8.5],
			"light_emission": 15,
			"rotation": {"angle": 0, "axis": "y", "origin": [5, 4, 7.5]},
			"faces": {
				"north": {"uv": [14, 11, 8, 12], "texture": "#4", "cullface": "north"},
				"east": {"uv": [13, 11, 14, 12], "texture": "#4", "cullface": "east"},
				"south": {"uv": [8, 11, 14, 12], "texture": "#4", "cullface": "south"},
				"west": {"uv": [8, 11, 9, 12], "texture": "#4", "cullface": "west"},
				"up": {"uv": [8, 11, 14, 12], "texture": "#4", "cullface": "up"},
				"down": {"uv": [8, 11, 14, 12], "texture": "#4", "cullface": "down"}
			}
		},
		{
			"from": [9, 3, 7.5],
			"to": [15, 4, 8.5],
			"light_emission": 15,
			"rotation": {"angle": 0, "axis": "y", "origin": [6, 3, 7.5]},
			"faces": {
				"north": {"uv": [15, 12, 9, 13], "texture": "#4", "cullface": "north"},
				"east": {"uv": [14, 12, 15, 13], "texture": "#4", "cullface": "east"},
				"south": {"uv": [9, 12, 15, 13], "texture": "#4", "cullface": "south"},
				"west": {"uv": [9, 12, 10, 13], "texture": "#4", "cullface": "west"},
				"up": {"uv": [9, 12, 15, 13], "texture": "#4", "cullface": "up"},
				"down": {"uv": [9, 12, 15, 13], "texture": "#4", "cullface": "down"}
			}
		},
		{
			"from": [11, 2, 7.5],
			"to": [16, 3, 8.5],
			"light_emission": 15,
			"rotation": {"angle": 0, "axis": "y", "origin": [7, 2, 7.5]},
			"faces": {
				"north": {"uv": [16, 13, 11, 14], "texture": "#4", "cullface": "north"},
				"east": {"uv": [15, 13, 16, 14], "texture": "#4", "cullface": "east"},
				"south": {"uv": [11, 13, 16, 14], "texture": "#4", "cullface": "south"},
				"west": {"uv": [11, 13, 12, 14], "texture": "#4", "cullface": "west"},
				"up": {"uv": [11, 13, 16, 14], "texture": "#4", "cullface": "up"},
				"down": {"uv": [11, 13, 16, 14], "texture": "#4", "cullface": "down"}
			}
		},
		{
			"from": [12, 1, 7.5],
			"to": [16, 2, 8.5],
			"light_emission": 15,
			"rotation": {"angle": 0, "axis": "y", "origin": [7, 1, 7.5]},
			"faces": {
				"north": {"uv": [16, 14, 12, 15], "texture": "#4", "cullface": "north"},
				"east": {"uv": [15, 14, 16, 15], "texture": "#4", "cullface": "east"},
				"south": {"uv": [12, 14, 16, 15], "texture": "#4", "cullface": "south"},
				"west": {"uv": [12, 14, 13, 15], "texture": "#4", "cullface": "west"},
				"up": {"uv": [12, 14, 16, 15], "texture": "#4", "cullface": "up"},
				"down": {"uv": [12, 14, 16, 15], "texture": "#4", "cullface": "down"}
			}
		},
		{
			"from": [13, 0, 7.5],
			"to": [15, 1, 8.5],
			"light_emission": 15,
			"rotation": {"angle": 0, "axis": "y", "origin": [7, 0, 7.5]},
			"faces": {
				"north": {"uv": [15, 15, 13, 16], "texture": "#4", "cullface": "north"},
				"east": {"uv": [14, 15, 15, 16], "texture": "#4", "cullface": "east"},
				"south": {"uv": [13, 15, 15, 16], "texture": "#4", "cullface": "south"},
				"west": {"uv": [13, 15, 14, 16], "texture": "#4", "cullface": "west"},
				"up": {"uv": [13, 15, 15, 16], "texture": "#4", "cullface": "up"},
				"down": {"uv": [13, 15, 15, 16], "texture": "#4", "cullface": "down"}
			}
		},
		{
			"from": [0.85, 1.85, 8.65],
			"to": [3.15, 2.85, 7.35],
			"light_emission": 15,
			"rotation": {"angle": 0, "axis": "y", "origin": [12.8, 10.5, 9.1]},
			"faces": {
				"north": {"uv": [16, 0, 0, 16], "texture": "#3", "cullface": "north"},
				"east": {"uv": [16, 0, 0, 16], "texture": "#3", "cullface": "east"},
				"south": {"uv": [16, 0, 0, 16], "texture": "#3", "cullface": "south"},
				"west": {"uv": [16, 0, 0, 16], "texture": "#3", "cullface": "west"},
				"down": {"uv": [16, 0, 0, 16], "texture": "#3", "cullface": "down"}
			}
		},
		{
			"from": [0.85, 4.15, 8.65],
			"to": [1.85, 8.15, 7.35],
			"light_emission": 15,
			"rotation": {"angle": 0, "axis": "y", "origin": [11, 16.3, 9.1]},
			"faces": {
				"north": {"uv": [16, 0, 0, 16], "texture": "#3", "cullface": "north"},
				"south": {"uv": [16, 0, 0, 16], "texture": "#3", "cullface": "south"},
				"west": {"uv": [16, 0, 0, 16], "texture": "#3", "cullface": "west"},
				"up": {"uv": [16, 0, 0, 16], "texture": "#3", "cullface": "down"}
			}
		},
		{
			"from": [1.85, 8.15, 8.65],
			"to": [2.85, 10.15, 7.35],
			"light_emission": 15,
			"rotation": {"angle": 0, "axis": "y", "origin": [12, 18.3, 9.1]},
			"faces": {
				"north": {"uv": [16, 0, 0, 16], "texture": "#3", "cullface": "north"},
				"south": {"uv": [16, 0, 0, 16], "texture": "#3", "cullface": "south"},
				"west": {"uv": [16, 0, 0, 16], "texture": "#3", "cullface": "west"},
				"up": {"uv": [16, 0, 0, 16], "texture": "#3", "cullface": "down"}
			}
		},
		{
			"from": [5.85, 13.15, 8.65],
			"to": [7.85, 14.15, 7.35],
			"light_emission": 15,
			"rotation": {"angle": 0, "axis": "y", "origin": [16, 22.3, 9.1]},
			"faces": {
				"north": {"uv": [16, 0, 0, 16], "texture": "#3", "cullface": "north"},
				"south": {"uv": [16, 0, 0, 16], "texture": "#3", "cullface": "south"},
				"west": {"uv": [16, 0, 0, 16], "texture": "#3", "cullface": "west"},
				"up": {"uv": [16, 0, 0, 16], "texture": "#3", "cullface": "down"}
			}
		},
		{
			"from": [7.85, 14.15, 8.65],
			"to": [11.85, 15.15, 7.35],
			"light_emission": 15,
			"rotation": {"angle": 0, "axis": "y", "origin": [18, 23.3, 9.1]},
			"faces": {
				"north": {"uv": [16, 0, 0, 16], "texture": "#3", "cullface": "north"},
				"south": {"uv": [16, 0, 0, 16], "texture": "#3", "cullface": "south"},
				"west": {"uv": [16, 0, 0, 16], "texture": "#3", "cullface": "west"},
				"up": {"uv": [16, 0, 0, 16], "texture": "#3", "cullface": "down"}
			}
		},
		{
			"from": [11.85, 15.15, 8.65],
			"to": [13.15, 16.15, 7.35],
			"light_emission": 15,
			"rotation": {"angle": 0, "axis": "y", "origin": [22, 24.3, 9.1]},
			"faces": {
				"north": {"uv": [16, 0, 0, 16], "texture": "#3", "cullface": "north"},
				"east": {"uv": [16, 0, 0, 16], "texture": "#3", "cullface": "east"},
				"south": {"uv": [16, 0, 0, 16], "texture": "#3", "cullface": "south"},
				"west": {"uv": [16, 0, 0, 16], "texture": "#3", "cullface": "west"},
				"up": {"uv": [16, 0, 0, 16], "texture": "#3", "cullface": "down"}
			}
		},
		{
			"from": [13.15, 12.85, 8.65],
			"to": [14.15, 15.15, 7.35],
			"light_emission": 15,
			"rotation": {"angle": 0, "axis": "y", "origin": [23.8, 23.3, 9.1]},
			"faces": {
				"north": {"uv": [16, 0, 0, 16], "texture": "#3", "cullface": "north"},
				"east": {"uv": [16, 0, 0, 16], "texture": "#3", "cullface": "east"},
				"south": {"uv": [16, 0, 0, 16], "texture": "#3", "cullface": "south"},
				"up": {"uv": [16, 0, 0, 16], "texture": "#3", "cullface": "down"},
				"down": {"uv": [16, 0, 0, 16], "texture": "#3", "cullface": "down"}
			}
		},
		{
			"from": [10.15, 8.15, 8.65],
			"to": [11.15, 9.85, 7.35],
			"light_emission": 15,
			"rotation": {"angle": 0, "axis": "y", "origin": [20.8, 17.3, 9.1]},
			"faces": {
				"north": {"uv": [16, 0, 0, 16], "texture": "#3", "cullface": "north"},
				"east": {"uv": [16, 0, 0, 16], "texture": "#3", "cullface": "east"},
				"south": {"uv": [16, 0, 0, 16], "texture": "#3", "cullface": "south"}
			}
		},
		{
			"from": [11.15, 7.15, 8.65],
			"to": [12.15, 8.15, 7.35],
			"light_emission": 15,
			"rotation": {"angle": 0, "axis": "y", "origin": [21.8, 16.3, 9.1]},
			"faces": {
				"north": {"uv": [16, 0, 0, 16], "texture": "#3", "cullface": "north"},
				"east": {"uv": [16, 0, 0, 16], "texture": "#3", "cullface": "east"},
				"south": {"uv": [16, 0, 0, 16], "texture": "#3", "cullface": "south"},
				"up": {"uv": [16, 0, 0, 16], "texture": "#3", "cullface": "down"}
			}
		},
		{
			"from": [12.15, 5.15, 8.65],
			"to": [13.15, 7.15, 7.35],
			"light_emission": 15,
			"rotation": {"angle": 0, "axis": "y", "origin": [22.8, 15.3, 9.1]},
			"faces": {
				"north": {"uv": [16, 0, 0, 16], "texture": "#3", "cullface": "north"},
				"east": {"uv": [16, 0, 0, 16], "texture": "#3", "cullface": "east"},
				"south": {"uv": [16, 0, 0, 16], "texture": "#3", "cullface": "south"},
				"up": {"uv": [16, 0, 0, 16], "texture": "#3", "cullface": "down"}
			}
		},
		{
			"from": [13.15, 4.15, 8.65],
			"to": [14.15, 5.15, 7.35],
			"light_emission": 15,
			"rotation": {"angle": 0, "axis": "y", "origin": [23.8, 13.3, 9.1]},
			"faces": {
				"north": {"uv": [16, 0, 0, 16], "texture": "#3", "cullface": "north"},
				"east": {"uv": [16, 0, 0, 16], "texture": "#3", "cullface": "east"},
				"south": {"uv": [16, 0, 0, 16], "texture": "#3", "cullface": "south"},
				"up": {"uv": [16, 0, 0, 16], "texture": "#3", "cullface": "down"}
			}
		},
		{
			"from": [14.15, 3.15, 8.65],
			"to": [15.15, 4.15, 7.35],
			"light_emission": 15,
			"rotation": {"angle": 0, "axis": "y", "origin": [24.8, 12.3, 9.1]},
			"faces": {
				"north": {"uv": [16, 0, 0, 16], "texture": "#3", "cullface": "north"},
				"east": {"uv": [16, 0, 0, 16], "texture": "#3", "cullface": "east"},
				"south": {"uv": [16, 0, 0, 16], "texture": "#3", "cullface": "south"},
				"up": {"uv": [16, 0, 0, 16], "texture": "#3", "cullface": "down"}
			}
		},
		{
			"from": [15.15, 0.85, 8.65],
			"to": [16.15, 3.15, 7.35],
			"light_emission": 15,
			"rotation": {"angle": 0, "axis": "y", "origin": [25.8, 11.3, 9.1]},
			"faces": {
				"north": {"uv": [16, 0, 0, 16], "texture": "#3", "cullface": "north"},
				"east": {"uv": [16, 0, 0, 16], "texture": "#3", "cullface": "east"},
				"south": {"uv": [16, 0, 0, 16], "texture": "#3", "cullface": "south"},
				"up": {"uv": [16, 0, 0, 16], "texture": "#3", "cullface": "down"},
				"down": {"uv": [16, 0, 0, 16], "texture": "#3", "cullface": "south"}
			}
		},
		{
			"from": [12.85, -0.15, 8.65],
			"to": [15.15, 0.85, 7.35],
			"light_emission": 15,
			"rotation": {"angle": 0, "axis": "y", "origin": [23, 8.5, 9.1]},
			"faces": {
				"north": {"uv": [16, 0, 0, 16], "texture": "#3", "cullface": "north"},
				"east": {"uv": [16, 0, 0, 16], "texture": "#3", "cullface": "south"},
				"south": {"uv": [16, 0, 0, 16], "texture": "#3", "cullface": "south"},
				"west": {"uv": [16, 0, 0, 16], "texture": "#3", "cullface": "west"},
				"down": {"uv": [16, 0, 0, 16], "texture": "#3", "cullface": "down"}
			}
		},
		{
			"from": [11.85, 0.85, 8.65],
			"to": [12.85, 1.85, 7.35],
			"light_emission": 15,
			"rotation": {"angle": 0, "axis": "y", "origin": [22, 9.5, 9.1]},
			"faces": {
				"north": {"uv": [16, 0, 0, 16], "texture": "#3", "cullface": "north"},
				"south": {"uv": [16, 0, 0, 16], "texture": "#3", "cullface": "south"},
				"west": {"uv": [16, 0, 0, 16], "texture": "#3", "cullface": "west"},
				"down": {"uv": [16, 0, 0, 16], "texture": "#3", "cullface": "down"}
			}
		},
		{
			"from": [10.85, 1.85, 8.65],
			"to": [11.85, 2.85, 7.35],
			"light_emission": 15,
			"rotation": {"angle": 0, "axis": "y", "origin": [21, 10.5, 9.1]},
			"faces": {
				"north": {"uv": [16, 0, 0, 16], "texture": "#3", "cullface": "north"},
				"south": {"uv": [16, 0, 0, 16], "texture": "#3", "cullface": "south"},
				"west": {"uv": [16, 0, 0, 16], "texture": "#3", "cullface": "west"},
				"down": {"uv": [16, 0, 0, 16], "texture": "#3", "cullface": "down"}
			}
		},
		{
			"from": [8.85, 2.85, 8.65],
			"to": [10.85, 3.85, 7.35],
			"light_emission": 15,
			"rotation": {"angle": 0, "axis": "y", "origin": [19, 11.5, 9.1]},
			"faces": {
				"north": {"uv": [16, 0, 0, 16], "texture": "#3", "cullface": "north"},
				"south": {"uv": [16, 0, 0, 16], "texture": "#3", "cullface": "south"},
				"west": {"uv": [16, 0, 0, 16], "texture": "#3", "cullface": "west"},
				"down": {"uv": [16, 0, 0, 16], "texture": "#3", "cullface": "down"}
			}
		},
		{
			"from": [1.85, 10.85, 8.65],
			"to": [2.85, 13.15, 7.35],
			"light_emission": 15,
			"rotation": {"angle": 0, "axis": "y", "origin": [12, 21.3, 9.1]},
			"faces": {
				"north": {"uv": [16, 0, 0, 16], "texture": "#3", "cullface": "north"},
				"south": {"uv": [16, 0, 0, 16], "texture": "#3", "cullface": "south"},
				"west": {"uv": [16, 0, 0, 16], "texture": "#3", "cullface": "west"},
				"up": {"uv": [16, 0, 0, 16], "texture": "#3", "cullface": "down"},
				"down": {"uv": [16, 0, 0, 16], "texture": "#3", "cullface": "south"}
			}
		},
		{
			"from": [2.85, 13.15, 8.65],
			"to": [5.15, 14.15, 7.35],
			"light_emission": 15,
			"rotation": {"angle": 0, "axis": "y", "origin": [13, 22.3, 9.1]},
			"faces": {
				"north": {"uv": [16, 0, 0, 16], "texture": "#3", "cullface": "north"},
				"east": {"uv": [16, 0, 0, 16], "texture": "#3", "cullface": "south"},
				"south": {"uv": [16, 0, 0, 16], "texture": "#3", "cullface": "south"},
				"west": {"uv": [16, 0, 0, 16], "texture": "#3", "cullface": "west"},
				"up": {"uv": [16, 0, 0, 16], "texture": "#3", "cullface": "down"}
			}
		},
		{
			"from": [7.85, 3.85, 8.65],
			"to": [8.85, 4.85, 7.35],
			"light_emission": 15,
			"rotation": {"angle": 0, "axis": "y", "origin": [18, 12.5, 9.1]},
			"faces": {
				"north": {"uv": [16, 0, 0, 16], "texture": "#3", "cullface": "north"},
				"south": {"uv": [16, 0, 0, 16], "texture": "#3", "cullface": "south"},
				"west": {"uv": [16, 0, 0, 16], "texture": "#3", "cullface": "west"},
				"down": {"uv": [16, 0, 0, 16], "texture": "#3", "cullface": "down"}
			}
		},
		{
			"from": [6.15, 4.85, 8.65],
			"to": [7.85, 5.85, 7.35],
			"light_emission": 15,
			"rotation": {"angle": 0, "axis": "y", "origin": [17, 13.5, 9.1]},
			"faces": {
				"north": {"uv": [16, 0, 0, 16], "texture": "#3", "cullface": "north"},
				"south": {"uv": [16, 0, 0, 16], "texture": "#3", "cullface": "south"},
				"down": {"uv": [16, 0, 0, 16], "texture": "#3", "cullface": "down"}
			}
		},
		{
			"from": [5.15, 12.85, 8.65],
			"to": [5.85, 13.15, 7.35],
			"light_emission": 15,
			"rotation": {"angle": 0, "axis": "y", "origin": [15, 21.3, 9.1]},
			"faces": {
				"north": {"uv": [16, 0, 0, 16], "texture": "#3", "cullface": "north"},
				"south": {"uv": [16, 0, 0, 16], "texture": "#3", "cullface": "south"},
				"up": {"uv": [16, 0, 0, 16], "texture": "#3", "cullface": "down"}
			}
		},
		{
			"from": [4.4, 11.85, 8.65],
			"to": [4.85, 12.15, 7.35],
			"light_emission": 15,
			"rotation": {"angle": 0, "axis": "y", "origin": [14, 20.3, 9.1]},
			"faces": {
				"north": {"uv": [16, 0, 0, 16], "texture": "#3", "cullface": "north"},
				"south": {"uv": [16, 0, 0, 16], "texture": "#3", "cullface": "south"},
				"up": {"uv": [16, 0, 0, 16], "texture": "#3", "cullface": "down"}
			}
		},
		{
			"from": [3.15, 10.6, 8.65],
			"to": [3.85, 11.15, 7.35],
			"light_emission": 15,
			"rotation": {"angle": 0, "axis": "y", "origin": [13, 19.3, 9.1]},
			"faces": {
				"north": {"uv": [16, 0, 0, 16], "texture": "#3", "cullface": "north"},
				"south": {"uv": [16, 0, 0, 16], "texture": "#3", "cullface": "south"},
				"up": {"uv": [16, 0, 0, 16], "texture": "#3", "cullface": "down"}
			}
		},
		{
			"from": [3.15, 3.85, 8.65],
			"to": [4.85, 4.15, 7.35],
			"light_emission": 15,
			"rotation": {"angle": 0, "axis": "y", "origin": [13, 12.3, 9.1]},
			"faces": {
				"north": {"uv": [16, 0, 0, 16], "texture": "#3", "cullface": "north"},
				"south": {"uv": [16, 0, 0, 16], "texture": "#3", "cullface": "south"},
				"up": {"uv": [16, 0, 0, 16], "texture": "#3", "cullface": "down"}
			}
		},
		{
			"from": [6.15, 5.85, 8.65],
			"to": [6.85, 6.15, 7.35],
			"light_emission": 15,
			"rotation": {"angle": 0, "axis": "y", "origin": [16, 14.3, 9.1]},
			"faces": {
				"north": {"uv": [16, 0, 0, 16], "texture": "#3", "cullface": "north"},
				"south": {"uv": [16, 0, 0, 16], "texture": "#3", "cullface": "south"}
			}
		},
		{
			"from": [11.15, 10.85, 8.65],
			"to": [11.85, 11.15, 7.35],
			"light_emission": 15,
			"rotation": {"angle": 0, "axis": "y", "origin": [21, 19.3, 9.1]},
			"faces": {
				"north": {"uv": [16, 0, 0, 16], "texture": "#3", "cullface": "north"},
				"south": {"uv": [16, 0, 0, 16], "texture": "#3", "cullface": "south"},
				"up": {"uv": [16, 0, 0, 16], "texture": "#3", "cullface": "down"}
			}
		},
		{
			"from": [11.15, 12.85, 8.65],
			"to": [11.85, 13.15, 7.35],
			"light_emission": 15,
			"rotation": {"angle": 0, "axis": "y", "origin": [21, 21.3, 9.1]},
			"faces": {
				"north": {"uv": [16, 0, 0, 16], "texture": "#3", "cullface": "north"},
				"south": {"uv": [16, 0, 0, 16], "texture": "#3", "cullface": "south"},
				"down": {"uv": [16, 0, 0, 16], "texture": "#3", "cullface": "down"}
			}
		},
		{
			"from": [2.85, 10.15, 8.65],
			"to": [3.15, 10.85, 7.35],
			"light_emission": 15,
			"rotation": {"angle": 0, "axis": "y", "origin": [13, 19.3, 9.1]},
			"faces": {
				"north": {"uv": [16, 0, 0, 16], "texture": "#3", "cullface": "north"},
				"south": {"uv": [16, 0, 0, 16], "texture": "#3", "cullface": "south"},
				"west": {"uv": [16, 0, 0, 16], "texture": "#3", "cullface": "west"}
			}
		},
		{
			"from": [11.85, 11.15, 8.65],
			"to": [12.15, 12.85, 7.35],
			"light_emission": 15,
			"rotation": {"angle": 0, "axis": "y", "origin": [22, 20.3, 9.1]},
			"faces": {
				"north": {"uv": [16, 0, 0, 16], "texture": "#3", "cullface": "north"},
				"south": {"uv": [16, 0, 0, 16], "texture": "#3", "cullface": "south"},
				"west": {"uv": [16, 0, 0, 16], "texture": "#3", "cullface": "west"}
			}
		},
		{
			"from": [4.85, 12.15, 8.65],
			"to": [5.15, 12.85, 7.35],
			"light_emission": 15,
			"rotation": {"angle": 0, "axis": "y", "origin": [15, 21.3, 9.1]},
			"faces": {
				"north": {"uv": [16, 0, 0, 16], "texture": "#3", "cullface": "north"},
				"south": {"uv": [16, 0, 0, 16], "texture": "#3", "cullface": "south"},
				"west": {"uv": [16, 0, 0, 16], "texture": "#3", "cullface": "west"}
			}
		},
		{
			"from": [3.15, 5.85, 8.65],
			"to": [4.15, 7.85, 7.35],
			"light_emission": 15,
			"rotation": {"angle": 0, "axis": "y", "origin": [13.8, 14.5, 9.1]},
			"faces": {
				"north": {"uv": [16, 0, 0, 16], "texture": "#3", "cullface": "north"},
				"east": {"uv": [16, 0, 0, 16], "texture": "#3", "cullface": "east"},
				"south": {"uv": [16, 0, 0, 16], "texture": "#3", "cullface": "south"},
				"down": {"uv": [16, 0, 0, 16], "texture": "#3", "cullface": "down"}
			}
		},
		{
			"from": [2.4, 4.15, 8.65],
			"to": [3.15, 5.85, 7.35],
			"light_emission": 15,
			"rotation": {"angle": 0, "axis": "y", "origin": [12.8, 13.5, 9.1]},
			"faces": {
				"north": {"uv": [16, 0, 0, 16], "texture": "#3", "cullface": "north"},
				"east": {"uv": [16, 0, 0, 16], "texture": "#3", "cullface": "east"},
				"south": {"uv": [16, 0, 0, 16], "texture": "#3", "cullface": "south"}
			}
		},
		{
			"from": [8.15, 10.15, 8.65],
			"to": [9.15, 11.15, 7.35],
			"light_emission": 15,
			"rotation": {"angle": 0, "axis": "y", "origin": [18.8, 19.3, 9.1]},
			"faces": {
				"north": {"uv": [16, 0, 0, 16], "texture": "#3", "cullface": "north"},
				"east": {"uv": [16, 0, 0, 16], "texture": "#3", "cullface": "east"},
				"south": {"uv": [16, 0, 0, 16], "texture": "#3", "cullface": "south"},
				"up": {"uv": [16, 0, 0, 16], "texture": "#3", "cullface": "down"}
			}
		},
		{
			"from": [7.4, 11.15, 8.65],
			"to": [8.15, 11.85, 7.35],
			"light_emission": 15,
			"rotation": {"angle": 0, "axis": "y", "origin": [17.8, 20.3, 9.1]},
			"faces": {
				"north": {"uv": [16, 0, 0, 16], "texture": "#3", "cullface": "north"},
				"east": {"uv": [16, 0, 0, 16], "texture": "#3", "cullface": "east"},
				"south": {"uv": [16, 0, 0, 16], "texture": "#3", "cullface": "south"}
			}
		},
		{
			"from": [8.15, 11.85, 8.65],
			"to": [11.15, 12.85, 7.35],
			"light_emission": 15,
			"rotation": {"angle": 0, "axis": "y", "origin": [20.8, 20.5, 9.1]},
			"faces": {
				"north": {"uv": [16, 0, 0, 16], "texture": "#3", "cullface": "north"},
				"east": {"uv": [16, 0, 0, 16], "texture": "#3", "cullface": "south"},
				"south": {"uv": [16, 0, 0, 16], "texture": "#3", "cullface": "south"},
				"down": {"uv": [16, 0, 0, 16], "texture": "#3", "cullface": "down"}
			}
		},
		{
			"from": [11.85, 12.85, 8.65],
			"to": [13.15, 13.15, 7.35],
			"light_emission": 15,
			"rotation": {"angle": 0, "axis": "y", "origin": [21.8, 21.5, 9.1]},
			"faces": {
				"north": {"uv": [16, 0, 0, 16], "texture": "#3", "cullface": "north"},
				"south": {"uv": [16, 0, 0, 16], "texture": "#3", "cullface": "south"}
			}
		},
		{
			"from": [4.85, 6.85, 8.65],
			"to": [5.85, 7.85, 7.35],
			"light_emission": 15,
			"rotation": {"angle": 0, "axis": "y", "origin": [15, 15.5, 9.1]},
			"faces": {
				"north": {"uv": [16, 0, 0, 16], "texture": "#3", "cullface": "north"},
				"south": {"uv": [16, 0, 0, 16], "texture": "#3", "cullface": "south"},
				"west": {"uv": [16, 0, 0, 16], "texture": "#3", "cullface": "west"},
				"down": {"uv": [16, 0, 0, 16], "texture": "#3", "cullface": "down"}
			}
		},
		{
			"from": [4.15, 7.85, 8.65],
			"to": [4.85, 8.15, 7.35],
			"light_emission": 15,
			"rotation": {"angle": 0, "axis": "y", "origin": [14.8, 16.5, 9.1]},
			"faces": {
				"north": {"uv": [16, 0, 0, 16], "texture": "#3", "cullface": "north"},
				"south": {"uv": [16, 0, 0, 16], "texture": "#3", "cullface": "south"},
				"down": {"uv": [16, 0, 0, 16], "texture": "#3", "cullface": "down"}
			}
		},
		{
			"from": [-0.15, 2.85, 8.65],
			"to": [0.85, 4.15, 7.35],
			"light_emission": 15,
			"rotation": {"angle": 0, "axis": "y", "origin": [9.8, 11.5, 9.1]},
			"faces": {
				"north": {"uv": [16, 0, 0, 16], "texture": "#3", "cullface": "north"},
				"south": {"uv": [16, 0, 0, 16], "texture": "#3", "cullface": "south"},
				"west": {"uv": [16, 0, 0, 16], "texture": "#3", "cullface": "west"},
				"up": {"uv": [16, 0, 0, 16], "texture": "#3", "cullface": "down"},
				"down": {"uv": [16, 0, 0, 16], "texture": "#3", "cullface": "down"}
			}
		},
		{
			"from": [2.85, 10.85, 8.65],
			"to": [3.15, 11.15, 7.35],
			"light_emission": 15,
			"rotation": {"angle": 0, "axis": "y", "origin": [12.6, 19.7, 9.1]},
			"faces": {
				"north": {"uv": [16, 0, 0, 16], "texture": "#3", "cullface": "north"},
				"south": {"uv": [16, 0, 0, 16], "texture": "#3", "cullface": "south"}
			}
		},
		{
			"from": [4.85, 12.85, 8.65],
			"to": [5.15, 13.15, 7.35],
			"light_emission": 15,
			"rotation": {"angle": 0, "axis": "y", "origin": [14.6, 21.7, 9.1]},
			"faces": {
				"north": {"uv": [16, 0, 0, 16], "texture": "#3", "cullface": "north"},
				"south": {"uv": [16, 0, 0, 16], "texture": "#3", "cullface": "south"}
			}
		},
		{
			"from": [2.85, 12.85, 8.65],
			"to": [3.15, 13.15, 7.35],
			"light_emission": 15,
			"rotation": {"angle": 0, "axis": "y", "origin": [12.6, 21.7, 9.1]},
			"faces": {
				"north": {"uv": [16, 0, 0, 16], "texture": "#3", "cullface": "north"},
				"south": {"uv": [16, 0, 0, 16], "texture": "#3", "cullface": "south"}
			}
		},
		{
			"from": [11.85, 10.85, 8.65],
			"to": [12.15, 11.15, 7.35],
			"light_emission": 15,
			"rotation": {"angle": 0, "axis": "y", "origin": [21.6, 19.7, 9.1]},
			"faces": {
				"north": {"uv": [16, 0, 0, 16], "texture": "#3", "cullface": "north"},
				"south": {"uv": [16, 0, 0, 16], "texture": "#3", "cullface": "south"}
			}
		},
		{
			"from": [10.15, 9.85, 8.65],
			"to": [10.85, 10.15, 7.35],
			"light_emission": 15,
			"rotation": {"angle": 0, "axis": "y", "origin": [20, 18.3, 9.1]},
			"faces": {
				"north": {"uv": [16, 0, 0, 16], "texture": "#3", "cullface": "north"},
				"south": {"uv": [16, 0, 0, 16], "texture": "#3", "cullface": "south"},
				"up": {"uv": [16, 0, 0, 16], "texture": "#3", "cullface": "down"}
			}
		},
		{
			"from": [10.85, 9.85, 8.65],
			"to": [11.15, 10.15, 7.35],
			"light_emission": 15,
			"rotation": {"angle": 0, "axis": "y", "origin": [20.6, 18.7, 9.1]},
			"faces": {
				"north": {"uv": [16, 0, 0, 16], "texture": "#3", "cullface": "north"},
				"south": {"uv": [16, 0, 0, 16], "texture": "#3", "cullface": "south"}
			}
		},
		{
			"from": [9.15, 9.15, 8.65],
			"to": [10.15, 10.15, 7.35],
			"light_emission": 15,
			"rotation": {"angle": 0, "axis": "y", "origin": [19, 17.5, 9.1]},
			"faces": {
				"north": {"uv": [16, 0, 0, 16], "texture": "#3", "cullface": "north"},
				"south": {"uv": [16, 0, 0, 16], "texture": "#3", "cullface": "south"},
				"up": {"uv": [16, 0, 0, 16], "texture": "#3", "cullface": "south"}
			}
		},
		{
			"from": [11.15, 9.85, 8.65],
			"to": [12.15, 10.85, 7.35],
			"light_emission": 15,
			"rotation": {"angle": 0, "axis": "y", "origin": [21.6, 18.7, 9.1]},
			"faces": {
				"north": {"uv": [16, 0, 0, 16], "texture": "#3", "cullface": "north"},
				"east": {"uv": [16, 0, 0, 16], "texture": "#3", "cullface": "south"},
				"south": {"uv": [16, 0, 0, 16], "texture": "#3", "cullface": "south"},
				"down": {"uv": [16, 0, 0, 16], "texture": "#3", "cullface": "south"}
			}
		},
		{
			"from": [10.85, 10.15, 8.65],
			"to": [11.15, 11.15, 7.35],
			"light_emission": 15,
			"rotation": {"angle": 0, "axis": "y", "origin": [20.6, 19.7, 9.1]},
			"faces": {
				"north": {"uv": [16, 0, 0, 16], "texture": "#3", "cullface": "north"},
				"south": {"uv": [16, 0, 0, 16], "texture": "#3", "cullface": "south"},
				"west": {"uv": [16, 0, 0, 16], "texture": "#3", "cullface": "south"},
				"up": {"uv": [16, 0, 0, 16], "texture": "#3", "cullface": "south"}
			}
		},
		{
			"from": [5.85, 4.85, 8.65],
			"to": [6.15, 5.15, 7.35],
			"light_emission": 15,
			"rotation": {"angle": 0, "axis": "y", "origin": [15.6, 13.7, 9.1]},
			"faces": {
				"north": {"uv": [16, 0, 0, 16], "texture": "#3", "cullface": "north"},
				"south": {"uv": [16, 0, 0, 16], "texture": "#3", "cullface": "south"}
			}
		},
		{
			"from": [5.85, 5.15, 8.65],
			"to": [6.15, 6.85, 7.35],
			"light_emission": 15,
			"rotation": {"angle": 0, "axis": "y", "origin": [16, 14.3, 9.1]},
			"faces": {
				"north": {"uv": [16, 0, 0, 16], "texture": "#3", "cullface": "north"},
				"south": {"uv": [16, 0, 0, 16], "texture": "#3", "cullface": "south"},
				"west": {"uv": [16, 0, 0, 16], "texture": "#3", "cullface": "west"}
			}
		},
		{
			"from": [5.15, 4.85, 8.65],
			"to": [5.85, 5.15, 7.35],
			"light_emission": 15,
			"rotation": {"angle": 0, "axis": "y", "origin": [15, 13.3, 9.1]},
			"faces": {
				"north": {"uv": [16, 0, 0, 16], "texture": "#3", "cullface": "north"},
				"south": {"uv": [16, 0, 0, 16], "texture": "#3", "cullface": "south"},
				"up": {"uv": [16, 0, 0, 16], "texture": "#3", "cullface": "down"}
			}
		},
		{
			"from": [4.85, 4.15, 8.65],
			"to": [5.15, 5.15, 7.35],
			"light_emission": 15,
			"rotation": {"angle": 0, "axis": "y", "origin": [14.6, 13.7, 9.1]},
			"faces": {
				"north": {"uv": [16, 0, 0, 16], "texture": "#3", "cullface": "north"},
				"south": {"uv": [16, 0, 0, 16], "texture": "#3", "cullface": "south"},
				"west": {"uv": [16, 0, 0, 16], "texture": "#3", "cullface": "south"},
				"up": {"uv": [16, 0, 0, 16], "texture": "#3", "cullface": "south"}
			}
		},
		{
			"from": [12.15, 10.85, 8.65],
			"to": [13.15, 12.85, 7.35],
			"light_emission": 15,
			"rotation": {"angle": 0, "axis": "y", "origin": [22.6, 19.7, 9.1]},
			"faces": {
				"north": {"uv": [16, 0, 0, 16], "texture": "#3", "cullface": "north"},
				"east": {"uv": [16, 0, 0, 16], "texture": "#3", "cullface": "south"},
				"south": {"uv": [16, 0, 0, 16], "texture": "#3", "cullface": "south"},
				"down": {"uv": [16, 0, 0, 16], "texture": "#3", "cullface": "south"}
			}
		},
		{
			"from": [4.85, 3.85, 8.65],
			"to": [5.15, 4.15, 7.35],
			"light_emission": 15,
			"rotation": {"angle": 0, "axis": "y", "origin": [14.6, 12.7, 9.1]},
			"faces": {
				"north": {"uv": [16, 0, 0, 16], "texture": "#3", "cullface": "north"},
				"south": {"uv": [16, 0, 0, 16], "texture": "#3", "cullface": "south"}
			}
		},
		{
			"from": [3.15, 2.85, 8.65],
			"to": [5.15, 3.85, 7.35],
			"light_emission": 15,
			"rotation": {"angle": 0, "axis": "y", "origin": [13.6, 11.7, 9.1]},
			"faces": {
				"north": {"uv": [16, 0, 0, 16], "texture": "#3", "cullface": "north"},
				"east": {"uv": [16, 0, 0, 16], "texture": "#3", "cullface": "south"},
				"south": {"uv": [16, 0, 0, 16], "texture": "#3", "cullface": "south"},
				"down": {"uv": [16, 0, 0, 16], "texture": "#3", "cullface": "south"}
			}
		},
		{
			"from": [5.15, 3.85, 8.65],
			"to": [6.15, 4.85, 7.35],
			"light_emission": 15,
			"rotation": {"angle": 0, "axis": "y", "origin": [14.6, 12.7, 9.1]},
			"faces": {
				"north": {"uv": [16, 0, 0, 16], "texture": "#3", "cullface": "north"},
				"east": {"uv": [16, 0, 0, 16], "texture": "#3", "cullface": "south"},
				"south": {"uv": [16, 0, 0, 16], "texture": "#3", "cullface": "south"},
				"down": {"uv": [16, 0, 0, 16], "texture": "#3", "cullface": "south"}
			}
		},
		{
			"from": [11.85, 14.15, 8.65],
			"to": [13.15, 15.15, 7.35],
			"light_emission": 15,
			"rotation": {"angle": 0, "axis": "y", "origin": [22.6, 23.7, 9.1]},
			"faces": {
				"north": {"uv": [16, 0, 0, 16], "texture": "#3", "cullface": "north"},
				"south": {"uv": [16, 0, 0, 16], "texture": "#3", "cullface": "south"}
			}
		},
		{
			"from": [7.85, 13.15, 8.65],
			"to": [13.15, 14.15, 7.35],
			"light_emission": 15,
			"rotation": {"angle": 0, "axis": "y", "origin": [22.6, 22.7, 9.1]},
			"faces": {
				"north": {"uv": [16, 0, 0, 16], "texture": "#3", "cullface": "north"},
				"south": {"uv": [16, 0, 0, 16], "texture": "#3", "cullface": "south"}
			}
		},
		{
			"from": [5.85, 12.85, 8.65],
			"to": [11.15, 13.15, 7.35],
			"light_emission": 15,
			"rotation": {"angle": 0, "axis": "y", "origin": [22.6, 21.7, 9.1]},
			"faces": {
				"north": {"uv": [16, 0, 0, 16], "texture": "#3", "cullface": "north"},
				"south": {"uv": [16, 0, 0, 16], "texture": "#3", "cullface": "south"}
			}
		},
		{
			"from": [5.15, 11.85, 8.65],
			"to": [8.15, 12.85, 7.35],
			"light_emission": 15,
			"rotation": {"angle": 0, "axis": "y", "origin": [22.6, 20.9, 9.1]},
			"faces": {
				"north": {"uv": [16, 0, 0, 16], "texture": "#3", "cullface": "north"},
				"south": {"uv": [16, 0, 0, 16], "texture": "#3", "cullface": "south"}
			}
		},
		{
			"from": [4.4, 11.15, 8.65],
			"to": [7.4, 11.85, 7.35],
			"light_emission": 15,
			"rotation": {"angle": 0, "axis": "y", "origin": [22.6, 20.7, 9.1]},
			"faces": {
				"north": {"uv": [16, 0, 0, 16], "texture": "#3", "cullface": "north"},
				"south": {"uv": [16, 0, 0, 16], "texture": "#3", "cullface": "south"}
			}
		},
		{
			"from": [3.85, 10.6, 8.65],
			"to": [8.15, 11.15, 7.35],
			"light_emission": 15,
			"rotation": {"angle": 0, "axis": "y", "origin": [22.6, 20.5, 9.1]},
			"faces": {
				"north": {"uv": [16, 0, 0, 16], "texture": "#3", "cullface": "north"},
				"south": {"uv": [16, 0, 0, 16], "texture": "#3", "cullface": "south"}
			}
		},
		{
			"from": [3.15, 10.15, 8.65],
			"to": [8.15, 10.6, 7.35],
			"light_emission": 15,
			"rotation": {"angle": 0, "axis": "y", "origin": [22.6, 20.3, 9.1]},
			"faces": {
				"north": {"uv": [16, 0, 0, 16], "texture": "#3", "cullface": "north"},
				"south": {"uv": [16, 0, 0, 16], "texture": "#3", "cullface": "south"}
			}
		},
		{
			"from": [2.85, 9.15, 8.65],
			"to": [9.15, 10.15, 7.35],
			"light_emission": 15,
			"rotation": {"angle": 0, "axis": "y", "origin": [22.6, 20.1, 9.1]},
			"faces": {
				"north": {"uv": [16, 0, 0, 16], "texture": "#3", "cullface": "north"},
				"south": {"uv": [16, 0, 0, 16], "texture": "#3", "cullface": "south"}
			}
		},
		{
			"from": [2.85, 8.15, 8.65],
			"to": [10.15, 9.15, 7.35],
			"light_emission": 15,
			"rotation": {"angle": 0, "axis": "y", "origin": [22.6, 19.1, 9.1]},
			"faces": {
				"north": {"uv": [16, 0, 0, 16], "texture": "#3", "cullface": "north"},
				"south": {"uv": [16, 0, 0, 16], "texture": "#3", "cullface": "south"}
			}
		},
		{
			"from": [4.85, 7.85, 8.65],
			"to": [11.15, 8.15, 7.35],
			"light_emission": 15,
			"rotation": {"angle": 0, "axis": "y", "origin": [23.6, 18.1, 9.1]},
			"faces": {
				"north": {"uv": [16, 0, 0, 16], "texture": "#3", "cullface": "north"},
				"south": {"uv": [16, 0, 0, 16], "texture": "#3", "cullface": "south"}
			}
		},
		{
			"from": [5.85, 7.15, 8.65],
			"to": [11.15, 7.85, 7.35],
			"light_emission": 15,
			"rotation": {"angle": 0, "axis": "y", "origin": [23.6, 17.9, 9.1]},
			"faces": {
				"north": {"uv": [16, 0, 0, 16], "texture": "#3", "cullface": "north"},
				"south": {"uv": [16, 0, 0, 16], "texture": "#3", "cullface": "south"}
			}
		},
		{
			"from": [5.85, 6.85, 8.65],
			"to": [12.15, 7.15, 7.35],
			"light_emission": 15,
			"rotation": {"angle": 0, "axis": "y", "origin": [23.6, 17.7, 9.1]},
			"faces": {
				"north": {"uv": [16, 0, 0, 16], "texture": "#3", "cullface": "north"},
				"south": {"uv": [16, 0, 0, 16], "texture": "#3", "cullface": "south"}
			}
		},
		{
			"from": [6.85, 5.85, 8.65],
			"to": [12.15, 6.15, 7.35],
			"light_emission": 15,
			"rotation": {"angle": 0, "axis": "y", "origin": [23.6, 16.9, 9.1]},
			"faces": {
				"north": {"uv": [16, 0, 0, 16], "texture": "#3", "cullface": "north"},
				"south": {"uv": [16, 0, 0, 16], "texture": "#3", "cullface": "south"}
			}
		},
		{
			"from": [7.85, 5.15, 8.65],
			"to": [12.15, 5.85, 7.35],
			"light_emission": 15,
			"rotation": {"angle": 0, "axis": "y", "origin": [23.6, 16.9, 9.1]},
			"faces": {
				"north": {"uv": [16, 0, 0, 16], "texture": "#3", "cullface": "north"},
				"south": {"uv": [16, 0, 0, 16], "texture": "#3", "cullface": "south"}
			}
		},
		{
			"from": [6.15, 6.15, 8.65],
			"to": [12.15, 6.85, 7.35],
			"light_emission": 15,
			"rotation": {"angle": 0, "axis": "y", "origin": [23.6, 17.9, 9.1]},
			"faces": {
				"north": {"uv": [16, 0, 0, 16], "texture": "#3", "cullface": "north"},
				"south": {"uv": [16, 0, 0, 16], "texture": "#3", "cullface": "south"}
			}
		},
		{
			"from": [7.85, 4.85, 8.65],
			"to": [13.15, 5.15, 7.35],
			"light_emission": 15,
			"rotation": {"angle": 0, "axis": "y", "origin": [23.6, 16.9, 9.1]},
			"faces": {
				"north": {"uv": [16, 0, 0, 16], "texture": "#3", "cullface": "north"},
				"south": {"uv": [16, 0, 0, 16], "texture": "#3", "cullface": "south"}
			}
		},
		{
			"from": [8.85, 4.15, 8.65],
			"to": [13.15, 4.85, 7.35],
			"light_emission": 15,
			"rotation": {"angle": 0, "axis": "y", "origin": [23.6, 16.9, 9.1]},
			"faces": {
				"north": {"uv": [16, 0, 0, 16], "texture": "#3", "cullface": "north"},
				"south": {"uv": [16, 0, 0, 16], "texture": "#3", "cullface": "south"}
			}
		},
		{
			"from": [8.85, 3.85, 8.65],
			"to": [14.15, 4.15, 7.35],
			"light_emission": 15,
			"rotation": {"angle": 0, "axis": "y", "origin": [23.6, 16.7, 9.1]},
			"faces": {
				"north": {"uv": [16, 0, 0, 16], "texture": "#3", "cullface": "north"},
				"south": {"uv": [16, 0, 0, 16], "texture": "#3", "cullface": "south"}
			}
		},
		{
			"from": [10.85, 3.15, 8.65],
			"to": [14.15, 3.85, 7.35],
			"light_emission": 15,
			"rotation": {"angle": 0, "axis": "y", "origin": [23.6, 16.5, 9.1]},
			"faces": {
				"north": {"uv": [16, 0, 0, 16], "texture": "#3", "cullface": "north"},
				"south": {"uv": [16, 0, 0, 16], "texture": "#3", "cullface": "south"}
			}
		},
		{
			"from": [10.85, 2.85, 8.65],
			"to": [15.15, 3.15, 7.35],
			"light_emission": 15,
			"rotation": {"angle": 0, "axis": "y", "origin": [23.6, 16.5, 9.1]},
			"faces": {
				"north": {"uv": [16, 0, 0, 16], "texture": "#3", "cullface": "north"},
				"south": {"uv": [16, 0, 0, 16], "texture": "#3", "cullface": "south"}
			}
		},
		{
			"from": [11.85, 1.85, 8.65],
			"to": [15.15, 2.85, 7.35],
			"light_emission": 15,
			"rotation": {"angle": 0, "axis": "y", "origin": [23.6, 15.5, 9.1]},
			"faces": {
				"north": {"uv": [16, 0, 0, 16], "texture": "#3", "cullface": "north"},
				"south": {"uv": [16, 0, 0, 16], "texture": "#3", "cullface": "south"}
			}
		},
		{
			"from": [12.85, 0.85, 8.65],
			"to": [15.15, 1.85, 7.35],
			"light_emission": 15,
			"rotation": {"angle": 0, "axis": "y", "origin": [23.6, 14.5, 9.1]},
			"faces": {
				"north": {"uv": [16, 0, 0, 16], "texture": "#3", "cullface": "north"},
				"south": {"uv": [16, 0, 0, 16], "texture": "#3", "cullface": "south"}
			}
		},
		{
			"from": [1.85, 7.85, 8.65],
			"to": [4.15, 8.15, 7.35],
			"light_emission": 15,
			"rotation": {"angle": 0, "axis": "y", "origin": [20.6, 18.1, 9.1]},
			"faces": {
				"north": {"uv": [16, 0, 0, 16], "texture": "#3", "cullface": "north"},
				"south": {"uv": [16, 0, 0, 16], "texture": "#3", "cullface": "south"}
			}
		},
		{
			"from": [1.85, 5.85, 8.65],
			"to": [3.15, 7.85, 7.35],
			"light_emission": 15,
			"rotation": {"angle": 0, "axis": "y", "origin": [20.6, 17.3, 9.1]},
			"faces": {
				"north": {"uv": [16, 0, 0, 16], "texture": "#3", "cullface": "north"},
				"south": {"uv": [16, 0, 0, 16], "texture": "#3", "cullface": "south"}
			}
		},
		{
			"from": [1.85, 4.15, 8.65],
			"to": [2.4, 5.85, 7.35],
			"light_emission": 15,
			"rotation": {"angle": 0, "axis": "y", "origin": [20.6, 15.3, 9.1]},
			"faces": {
				"north": {"uv": [16, 0, 0, 16], "texture": "#3", "cullface": "north"},
				"south": {"uv": [16, 0, 0, 16], "texture": "#3", "cullface": "south"}
			}
		},
		{
			"from": [0.85, 2.85, 8.65],
			"to": [3.15, 4.15, 7.35],
			"light_emission": 15,
			"rotation": {"angle": 0, "axis": "y", "origin": [20.6, 14.3, 9.1]},
			"faces": {
				"north": {"uv": [16, 0, 0, 16], "texture": "#3", "cullface": "north"},
				"south": {"uv": [16, 0, 0, 16], "texture": "#3", "cullface": "south"}
			}
		},
		{
			"from": [3.85, 11.15, 8.65],
			"to": [4.4, 12.15, 7.35],
			"light_emission": 15,
			"rotation": {"angle": 0, "axis": "y", "origin": [13.6, 20.7, 9.1]},
			"faces": {
				"north": {"uv": [16, 0, 0, 16], "texture": "#3", "cullface": "north"},
				"south": {"uv": [16, 0, 0, 16], "texture": "#3", "cullface": "south"},
				"west": {"uv": [16, 0, 0, 16], "texture": "#3", "cullface": "south"},
				"up": {"uv": [16, 0, 0, 16], "texture": "#3", "cullface": "south"}
			}
		},
		{
			"from": [4.85, 11.85, 8.65],
			"to": [5.15, 12.15, 7.35],
			"light_emission": 15,
			"rotation": {"angle": 0, "axis": "y", "origin": [14.6, 20.7, 9.1]},
			"faces": {
				"north": {"uv": [16, 0, 0, 16], "texture": "#3", "cullface": "north"},
				"south": {"uv": [16, 0, 0, 16], "texture": "#3", "cullface": "south"}
			}
		},
		{
			"from": [2.85, 11.15, 8.65],
			"to": [3.15, 12.85, 7.35],
			"light_emission": 15,
			"rotation": {"angle": 0, "axis": "y", "origin": [12.6, 21.5, 9.1]},
			"faces": {
				"north": {"uv": [16, 0, 0, 16], "texture": "#3", "cullface": "north"},
				"east": {"uv": [16, 0, 0, 16], "texture": "#3", "cullface": "east"},
				"south": {"uv": [16, 0, 0, 16], "texture": "#3", "cullface": "south"}
			}
		},
		{
			"from": [3.15, 12.85, 8.65],
			"to": [4.85, 13.15, 7.35],
			"light_emission": 15,
			"rotation": {"angle": 0, "axis": "y", "origin": [13.4, 21.7, 9.1]},
			"faces": {
				"north": {"uv": [16, 0, 0, 16], "texture": "#3", "cullface": "north"},
				"south": {"uv": [16, 0, 0, 16], "texture": "#3", "cullface": "south"},
				"down": {"uv": [16, 0, 0, 16], "texture": "#3", "cullface": "down"}
			}
		}
	],
	"gui_light": "front",
	"display": {
		"thirdperson_righthand": {
			"rotation": [-90, 0, -60],
			"translation": [2, 0.1, -3],
			"scale": [0.9, 0.9, 0.9]
		},
		"thirdperson_lefthand": {
			"rotation": [-90, 0, 30],
			"translation": [2, 0.1, -3],
			"scale": [0.9, 0.9, 0.9]
		},
		"firstperson_righthand": {
			"rotation": [-90, 0, -55],
			"translation": [1.13, 3.2, 1.13],
			"scale": [0.68, 0.68, 0.68]
		},
		"firstperson_lefthand": {
			"rotation": [-90, 0, 35],
			"translation": [1.13, 3.2, 1.13],
			"scale": [0.68, 0.68, 0.68]
		},
		"ground": {
			"translation": [0, 2, 0],
			"scale": [0.5, 0.5, 0.5]
		}
	},
	"groups": [
		{
			"name": "model",
			"origin": [3, 6, 7.5],
			"color": 0,
			"children": [0, 1, 2, 3, 4, 5, 6, 7, 8, 9, 10, 11, 12, 13, 14, 15, 16, 17, 18, 19, 20, 21, 22, 23, 24, 25, 26, 27, 28, 29, 30, 31]
		},
		{
			"name": "enchant_glint",
			"origin": [0, 0, 0],
			"color": 0,
			"children": [
				32,
				33,
				34,
				35,
				36,
				37,
				38,
				39,
				40,
				41,
				42,
				43,
				44,
				45,
				46,
				47,
				48,
				49,
				50,
				51,
				52,
				53,
				54,
				55,
				56,
				57,
				58,
				59,
				60,
				61,
				62,
				63,
				64,
				65,
				66,
				67,
				68,
				69,
				70,
				71,
				72,
				73,
				74,
				75,
				76,
				77,
				78,
				79,
				80,
				81,
				82,
				83,
				84,
				85,
				86,
				87,
				88,
				89,
				90,
				91,
				92,
				93,
				94,
				95,
				96,
				97,
				98,
				99,
				100,
				101,
				102,
				103,
				104,
				105,
				106,
				107,
				108,
				109,
				110,
				111,
				112,
				113,
				114,
				115,
				116,
				117,
				118
			]
		}
	]
}