{
	"format_version": "1.21.6",
	"credit": "Made with Blockbench",
	"texture_size": [32, 32],
	"textures": {
		"0": "amarite:item/amarite_longsword_handheld",
		"particle": "amarite:item/amarite_longsword_handheld"
	},
	"elements": [
		{
			"from": [7, 0, 7],
			"to": [9, 5, 9],
			"rotation": {"angle": 0, "axis": "y", "origin": [6, 0, 6.75]},
			"faces": {
				"north": {"uv": [5, 4, 6, 6.5], "texture": "#0"},
				"east": {"uv": [6, 4, 7, 6.5], "texture": "#0"},
				"south": {"uv": [6.5, 0, 7.5, 2.5], "texture": "#0"},
				"west": {"uv": [5, 6.5, 6, 9], "texture": "#0"},
				"up": {"uv": [2, 8.5, 1, 7.5], "texture": "#0"},
				"down": {"uv": [8.5, 1, 7.5, 2], "texture": "#0"}
			}
		},
		{
			"from": [6.75, 5, 6],
			"to": [9.25, 7, 10],
			"rotation": {"angle": 0, "axis": "y", "origin": [7.5, 6, 8.5]},
			"faces": {
				"north": {"uv": [7, 5.5, 8.5, 6.5], "texture": "#0"},
				"east": {"uv": [6.5, 2.5, 8.5, 3.5], "texture": "#0"},
				"south": {"uv": [7.5, 0, 9, 1], "texture": "#0"},
				"west": {"uv": [6, 6.5, 8, 7.5], "texture": "#0"},
				"up": {"uv": [6.5, 2, 5, 0], "texture": "#0"},
				"down": {"uv": [6.5, 2, 5, 4], "texture": "#0"}
			}
		},
		{
			"from": [7.5, 5.44238, 9.53283],
			"to": [8.5, 9.44238, 11.53283],
			"rotation": {"angle": 22.5, "axis": "x", "origin": [7.5, 7.94238, 10.53283]},
			"faces": {
				"north": {"uv": [2, 7.5, 2.5, 9.5], "texture": "#0"},
				"east": {"uv": [3, 7, 4, 9], "texture": "#0"},
				"south": {"uv": [2.5, 7.5, 3, 9.5], "texture": "#0"},
				"west": {"uv": [7, 3.5, 8, 5.5], "texture": "#0"},
				"up": {"uv": [7.5, 8.5, 7, 7.5], "texture": "#0"},
				"down": {"uv": [8, 7.5, 7.5, 8.5], "texture": "#0"}
			}
		},
		{
			"from": [7.5, 5.44238, 4.46717],
			"to": [8.5, 9.44238, 6.46717],
			"rotation": {"angle": -22.5, "axis": "x", "origin": [7.5, 7.94238, 5.46717]},
			"faces": {
				"north": {"uv": [6, 7.5, 6.5, 9.5], "texture": "#0"},
				"east": {"uv": [4, 7, 5, 9], "texture": "#0"},
				"south": {"uv": [6.5, 7.5, 7, 9.5], "texture": "#0"},
				"west": {"uv": [0, 7.5, 1, 9.5], "texture": "#0"},
				"up": {"uv": [8.5, 4.5, 8, 3.5], "texture": "#0"},
				"down": {"uv": [8.5, 4.5, 8, 5.5], "texture": "#0"}
			}
		},
		{
			"from": [8, 7, 6.5],
			"to": [8, 22, 9.5],
			"rotation": {"angle": 0, "axis": "y", "origin": [8, 7, 6.5]},
			"faces": {
				"north": {"uv": [0, 0, 0, 7.5], "texture": "#0"},
				"east": {"uv": [0, 0, 1.5, 7.5], "texture": "#0"},
				"south": {"uv": [0, 0, 0, 7.5], "texture": "#0"},
				"west": {"uv": [1.5, 0, 3, 7.5], "texture": "#0"},
				"up": {"uv": [0, 1.5, 0, 0], "texture": "#0"},
				"down": {"uv": [0, 0, 0, 1.5], "texture": "#0"}
			}
		},
		{
			"from": [7.5, 7, 7.5],
			"to": [8.5, 21, 8.5],
			"rotation": {"angle": 0, "axis": "y", "origin": [7.5, 7, 7.5]},
			"faces": {
				"north": {"uv": [3, 0, 3.5, 7], "texture": "#0"},
				"east": {"uv": [3.5, 0, 4, 7], "texture": "#0"},
				"south": {"uv": [4, 0, 4.5, 7], "texture": "#0"},
				"west": {"uv": [4.5, 0, 5, 7], "texture": "#0"},
				"up": {"uv": [7, 4, 6.5, 3.5], "texture": "#0"},
				"down": {"uv": [8, 2, 7.5, 2.5], "texture": "#0"}
			}
		}
	],
	"display": {
		"thirdperson_righthand": {
			"rotation": [-90, 0, 90],
			"translation": [-6.5, -2.25, -0.25],
			"scale": [1, 1.2, 1.2]
		},
		"thirdperson_lefthand": {
			"rotation": [-90, 0, 90],
			"translation": [-6.5, -2.25, -0.25],
			"scale": [1, 1.2, 1.2]
		},
		"firstperson_righthand": {
			"rotation": [-90, 25, 90],
			"translation": [-2, 2.75, 0]
		},
		"firstperson_lefthand": {
			"rotation": [-90, 25, 90],
			"translation": [-2, 2.75, 0]
		},
		"fixed": {
			"rotation": [-90, 45, 90],
			"translation": [2, -2, 0],
			"scale": [0.5, 0.8, 0.8]
		}
	},
	"groups": [
		{
			"name": "bone",
			"origin": [8, 8, 8],
			"color": 0,
			"children": [0, 1, 2, 3, 4, 5]
		}
	]
}