{
	"format_version": "1.21.6",
	"credit": "Made with Blockbench",
	"texture_size": [32, 32],
	"textures": {
		"0": "item/firstperson/enchanted_diamond_shovel",
		"1": "item/firstperson/shovel_outline",
		"particle": "item/firstperson/enchanted_diamond_shovel"
	},
	"elements": [
		{
			"name": "enchanted_iron_shovel_0",
			"from": [11, 9, 7.5],
			"to": [14, 14, 8.5],
			"light_emission": 15,
			"rotation": {"angle": 0, "axis": "y", "origin": [0, 0, 7.5]},
			"faces": {
				"north": {"uv": [14, 2, 11, 7], "texture": "#0"},
				"east": {"uv": [13, 2, 14, 7], "texture": "#0"},
				"south": {"uv": [11, 2, 14, 7], "texture": "#0"},
				"west": {"uv": [11, 2, 12, 7], "texture": "#0"},
				"up": {"uv": [11, 2, 14, 3], "texture": "#0"},
				"down": {"uv": [11, 6, 14, 7], "texture": "#0"}
			}
		},
		{
			"name": "enchanted_iron_shovel_1",
			"from": [10, 8, 7.5],
			"to": [11, 13, 8.5],
			"light_emission": 15,
			"rotation": {"angle": 0, "axis": "y", "origin": [0, 0, 7.5]},
			"faces": {
				"north": {"uv": [11, 3, 10, 8], "texture": "#0"},
				"east": {"uv": [10, 3, 11, 8], "texture": "#0"},
				"south": {"uv": [10, 3, 11, 8], "texture": "#0"},
				"west": {"uv": [10, 3, 11, 8], "texture": "#0"},
				"up": {"uv": [10, 3, 11, 4], "texture": "#0"},
				"down": {"uv": [10, 7, 11, 8], "texture": "#0"}
			}
		},
		{
			"name": "enchanted_iron_shovel_2",
			"from": [14, 10, 7.5],
			"to": [15, 13, 8.5],
			"light_emission": 15,
			"rotation": {"angle": 0, "axis": "y", "origin": [0, 0, 7.5]},
			"faces": {
				"north": {"uv": [15, 3, 14, 6], "texture": "#0"},
				"east": {"uv": [14, 3, 15, 6], "texture": "#0"},
				"south": {"uv": [14, 3, 15, 6], "texture": "#0"},
				"west": {"uv": [14, 3, 15, 6], "texture": "#0"},
				"up": {"uv": [14, 3, 15, 4], "texture": "#0"},
				"down": {"uv": [14, 5, 15, 6], "texture": "#0"}
			}
		},
		{
			"name": "enchanted_iron_shovel_3",
			"from": [9, 7, 7.5],
			"to": [10, 12, 8.5],
			"light_emission": 15,
			"rotation": {"angle": 0, "axis": "y", "origin": [0, 0, 7.5]},
			"faces": {
				"north": {"uv": [10, 4, 9, 9], "texture": "#0"},
				"east": {"uv": [9, 4, 10, 9], "texture": "#0"},
				"south": {"uv": [9, 4, 10, 9], "texture": "#0"},
				"west": {"uv": [9, 4, 10, 9], "texture": "#0"},
				"up": {"uv": [9, 4, 10, 5], "texture": "#0"},
				"down": {"uv": [9, 8, 10, 9], "texture": "#0"}
			}
		},
		{
			"name": "enchanted_iron_shovel_4",
			"from": [8, 10, 7.5],
			"to": [9, 11, 8.5],
			"light_emission": 15,
			"rotation": {"angle": 0, "axis": "y", "origin": [0, 0, 7.5]},
			"faces": {
				"north": {"uv": [9, 5, 8, 6], "texture": "#0"},
				"east": {"uv": [8, 5, 9, 6], "texture": "#0"},
				"south": {"uv": [8, 5, 9, 6], "texture": "#0"},
				"west": {"uv": [8, 5, 9, 6], "texture": "#0"},
				"up": {"uv": [8, 5, 9, 6], "texture": "#0"},
				"down": {"uv": [8, 5, 9, 6], "texture": "#0"}
			}
		},
		{
			"name": "enchanted_iron_shovel_5",
			"from": [8, 6, 7.5],
			"to": [9, 9, 8.5],
			"light_emission": 15,
			"rotation": {"angle": 0, "axis": "y", "origin": [0, 0, 7.5]},
			"faces": {
				"north": {"uv": [9, 7, 8, 10], "texture": "#0"},
				"east": {"uv": [8, 7, 9, 10], "texture": "#0"},
				"south": {"uv": [8, 7, 9, 10], "texture": "#0"},
				"west": {"uv": [8, 7, 9, 10], "texture": "#0"},
				"up": {"uv": [8, 7, 9, 8], "texture": "#0"},
				"down": {"uv": [8, 9, 9, 10], "texture": "#0"}
			}
		},
		{
			"name": "enchanted_iron_shovel_6",
			"from": [11, 8, 7.5],
			"to": [13, 9, 8.5],
			"light_emission": 15,
			"rotation": {"angle": 0, "axis": "y", "origin": [0, 0, 7.5]},
			"faces": {
				"north": {"uv": [13, 7, 11, 8], "texture": "#0"},
				"east": {"uv": [12, 7, 13, 8], "texture": "#0"},
				"south": {"uv": [11, 7, 13, 8], "texture": "#0"},
				"west": {"uv": [11, 7, 12, 8], "texture": "#0"},
				"up": {"uv": [11, 7, 13, 8], "texture": "#0"},
				"down": {"uv": [11, 7, 13, 8], "texture": "#0"}
			}
		},
		{
			"name": "enchanted_iron_shovel_7",
			"from": [7, 5, 7.5],
			"to": [8, 8, 8.5],
			"light_emission": 15,
			"rotation": {"angle": 0, "axis": "y", "origin": [0, 0, 7.5]},
			"faces": {
				"north": {"uv": [8, 8, 7, 11], "texture": "#0"},
				"east": {"uv": [7, 8, 8, 11], "texture": "#0"},
				"south": {"uv": [7, 8, 8, 11], "texture": "#0"},
				"west": {"uv": [7, 8, 8, 11], "texture": "#0"},
				"up": {"uv": [7, 8, 8, 9], "texture": "#0"},
				"down": {"uv": [7, 10, 8, 11], "texture": "#0"}
			}
		},
		{
			"name": "enchanted_iron_shovel_8",
			"from": [10.9, 7, 7.5],
			"to": [12, 8, 8.5],
			"light_emission": 15,
			"rotation": {"angle": 0, "axis": "y", "origin": [0, 0, 7.5]},
			"faces": {
				"north": {"uv": [12, 8, 11, 9], "texture": "#0"},
				"east": {"uv": [11, 8, 12, 9], "texture": "#0"},
				"south": {"uv": [11, 8, 12, 9], "texture": "#0"},
				"west": {"uv": [11, 8, 12, 9], "texture": "#0"},
				"up": {"uv": [11, 8, 12, 9], "texture": "#0"},
				"down": {"uv": [11, 8, 12, 9], "texture": "#0"}
			}
		},
		{
			"name": "enchanted_iron_shovel_9",
			"from": [6, 4, 7.5],
			"to": [7, 7, 8.5],
			"light_emission": 15,
			"rotation": {"angle": 0, "axis": "y", "origin": [0, 0, 7.5]},
			"faces": {
				"north": {"uv": [7, 9, 6, 12], "texture": "#0"},
				"east": {"uv": [6, 9, 7, 12], "texture": "#0"},
				"south": {"uv": [6, 9, 7, 12], "texture": "#0"},
				"west": {"uv": [6, 9, 7, 12], "texture": "#0"},
				"up": {"uv": [6, 9, 7, 10], "texture": "#0"},
				"down": {"uv": [6, 11, 7, 12], "texture": "#0"}
			}
		},
		{
			"name": "enchanted_iron_shovel_10",
			"from": [5, 3, 7.5],
			"to": [6, 6, 8.5],
			"light_emission": 15,
			"rotation": {"angle": 0, "axis": "y", "origin": [0, 0, 7.5]},
			"faces": {
				"north": {"uv": [6, 10, 5, 13], "texture": "#0"},
				"east": {"uv": [5, 10, 6, 13], "texture": "#0"},
				"south": {"uv": [5, 10, 6, 13], "texture": "#0"},
				"west": {"uv": [5, 10, 6, 13], "texture": "#0"},
				"up": {"uv": [5, 10, 6, 11], "texture": "#0"},
				"down": {"uv": [5, 12, 6, 13], "texture": "#0"}
			}
		},
		{
			"name": "enchanted_iron_shovel_11",
			"from": [4, 1, 7.5],
			"to": [5, 5, 8.5],
			"light_emission": 15,
			"rotation": {"angle": 0, "axis": "y", "origin": [0, 0, 7.5]},
			"faces": {
				"north": {"uv": [5, 11, 4, 15], "texture": "#0"},
				"east": {"uv": [4, 11, 5, 15], "texture": "#0"},
				"south": {"uv": [4, 11, 5, 15], "texture": "#0"},
				"west": {"uv": [4, 11, 5, 15], "texture": "#0"},
				"up": {"uv": [4, 11, 5, 12], "texture": "#0"},
				"down": {"uv": [4, 14, 5, 15], "texture": "#0"}
			}
		},
		{
			"name": "enchanted_iron_shovel_12",
			"from": [2, 2, 7.5],
			"to": [4, 4, 8.5],
			"light_emission": 15,
			"rotation": {"angle": 0, "axis": "y", "origin": [0, 0, 7.5]},
			"faces": {
				"north": {"uv": [4, 12, 2, 14], "texture": "#0"},
				"east": {"uv": [3, 12, 4, 14], "texture": "#0"},
				"south": {"uv": [2, 12, 4, 14], "texture": "#0"},
				"west": {"uv": [2, 12, 3, 14], "texture": "#0"},
				"up": {"uv": [2, 12, 4, 13], "texture": "#0"},
				"down": {"uv": [2, 13, 4, 14], "texture": "#0"}
			}
		},
		{
			"name": "enchanted_iron_shovel_13",
			"from": [3, 1, 7.5],
			"to": [4, 2, 8.5],
			"light_emission": 15,
			"rotation": {"angle": 0, "axis": "y", "origin": [0, 0, 7.5]},
			"faces": {
				"north": {"uv": [4, 14, 3, 15], "texture": "#0"},
				"east": {"uv": [3, 14, 4, 15], "texture": "#0"},
				"south": {"uv": [3, 14, 4, 15], "texture": "#0"},
				"west": {"uv": [3, 14, 4, 15], "texture": "#0"},
				"up": {"uv": [3, 14, 4, 15], "texture": "#0"},
				"down": {"uv": [3, 14, 4, 15], "texture": "#0"}
			}
		},
		{
			"name": "enchanted_iron_shovel_0_outline",
			"from": [14.1, 14.1, 8.6],
			"to": [10.9, 8.9, 7.4],
			"light_emission": 15,
			"rotation": {"angle": 0, "axis": "y", "origin": [0, 0, 7.5]},
			"faces": {
				"north": {"uv": [0, 0, 1.5, 2.5], "texture": "#1"},
				"east": {"uv": [0, 3, 0.5, 5.5], "texture": "#1"},
				"south": {"uv": [2, 0, 3.5, 2.5], "texture": "#1"},
				"west": {"uv": [1, 3, 1.5, 5.5], "texture": "#1"},
				"up": {"uv": [8.5, 0.5, 7, 0], "texture": "#1"},
				"down": {"uv": [8.5, 1, 7, 1.5], "texture": "#1"}
			}
		},
		{
			"name": "enchanted_iron_shovel_1_outline",
			"from": [11.1, 13.1, 8.6],
			"to": [9.9, 7.9, 7.4],
			"light_emission": 15,
			"rotation": {"angle": 0, "axis": "y", "origin": [0, 0, 7.5]},
			"faces": {
				"north": {"uv": [2, 3, 2.5, 5.5], "texture": "#1"},
				"east": {"uv": [3, 3, 3.5, 5.5], "texture": "#1"},
				"south": {"uv": [4, 0, 4.5, 2.5], "texture": "#1"},
				"west": {"uv": [4, 3, 4.5, 5.5], "texture": "#1"},
				"up": {"uv": [8.5, 10.5, 8, 10], "texture": "#1"},
				"down": {"uv": [10.5, 8, 10, 8.5], "texture": "#1"}
			}
		},
		{
			"name": "enchanted_iron_shovel_2_outline",
			"from": [14.46641, 13.46472, 8.6],
			"to": [13.26641, 9.91472, 7.4],
			"light_emission": 15,
			"rotation": {"angle": -22.5, "axis": "z", "origin": [13.86641, 11.68972, 8]},
			"faces": {
				"north": {"uv": [7, 2, 7.5, 3.5], "texture": "#1"},
				"east": {"uv": [7, 4, 7.5, 5.5], "texture": "#1"},
				"south": {"uv": [7, 6, 7.5, 7.5], "texture": "#1"},
				"west": {"uv": [4, 7.5, 4.5, 9], "texture": "#1"},
				"up": {"uv": [9.5, 10.5, 9, 10], "texture": "#1"},
				"down": {"uv": [10.5, 9, 10, 9.5], "texture": "#1"}
			}
		},
		{
			"name": "enchanted_iron_shovel_2_outline",
			"from": [15.1, 13.1, 8.6],
			"to": [13.9, 9.9, 7.4],
			"light_emission": 15,
			"rotation": {"angle": 0, "axis": "z", "origin": [14.5, 11.675, 8]},
			"faces": {
				"north": {"uv": [13, 14.5, 13.5, 16], "texture": "#1"},
				"east": {"uv": [14.5, 14.5, 15, 16], "texture": "#1"},
				"south": {"uv": [7, 6, 7.5, 7.5], "texture": "#1"},
				"west": {"uv": [14, 14.5, 14.5, 16], "texture": "#1"},
				"up": {"uv": [14, 16, 13.5, 15.5], "texture": "#1"},
				"down": {"uv": [14, 15, 13.5, 15.5], "texture": "#1"}
			}
		},
		{
			"name": "enchanted_iron_shovel_3_outline",
			"from": [10.1, 12.1, 8.6],
			"to": [8.9, 6.9, 7.4],
			"light_emission": 15,
			"rotation": {"angle": 0, "axis": "y", "origin": [0, 0, 7.5]},
			"faces": {
				"north": {"uv": [5, 0, 5.5, 2.5], "texture": "#1"},
				"east": {"uv": [15.5, 0.5, 16, 16], "texture": "#1"},
				"south": {"uv": [0, 6, 0.5, 8.5], "texture": "#1"},
				"west": {"uv": [6, 0, 6.5, 2.5], "texture": "#1"},
				"up": {"uv": [10.5, 10.5, 10, 10], "texture": "#1"},
				"down": {"uv": [1.5, 10.5, 1, 11], "texture": "#1"}
			}
		},
		{
			"name": "enchanted_iron_shovel_4_outline",
			"from": [9.1, 11.1, 8.6],
			"to": [7.9, 9.9, 7.4],
			"light_emission": 15,
			"rotation": {"angle": 0, "axis": "y", "origin": [0, 0, 7.5]},
			"faces": {
				"north": {"uv": [2, 10.5, 2.5, 11], "texture": "#1"},
				"east": {"uv": [3, 10.5, 3.5, 11], "texture": "#1"},
				"south": {"uv": [4, 10.5, 4.5, 11], "texture": "#1"},
				"west": {"uv": [5, 10.5, 5.5, 11], "texture": "#1"},
				"up": {"uv": [6.5, 11, 6, 10.5], "texture": "#1"},
				"down": {"uv": [0.5, 11, 0, 11.5], "texture": "#1"}
			}
		},
		{
			"name": "enchanted_iron_shovel_5_outline",
			"from": [9.1, 9.1, 8.6],
			"to": [7.9, 5.8, 7.4],
			"light_emission": 15,
			"rotation": {"angle": 0, "axis": "y", "origin": [0, -0.1, 7.5]},
			"faces": {
				"north": {"uv": [5, 7.5, 5.5, 9], "texture": "#1"},
				"east": {"uv": [15, 1, 15.5, 16], "texture": "#1"},
				"south": {"uv": [8, 2, 8.5, 3.5], "texture": "#1"},
				"west": {"uv": [8, 4, 8.5, 5.5], "texture": "#1"},
				"up": {"uv": [11.5, 2.5, 11, 2], "texture": "#1"},
				"down": {"uv": [11.5, 3, 11, 3.5], "texture": "#1"}
			}
		},
		{
			"name": "enchanted_iron_shovel_5_outline",
			"from": [8.1, 8.1, 8.6],
			"to": [6.9, 4.8, 7.4],
			"light_emission": 15,
			"rotation": {"angle": 0, "axis": "y", "origin": [-1, -1.1, 7.5]},
			"faces": {
				"north": {"uv": [5, 7.5, 5.5, 9], "texture": "#1"},
				"east": {"uv": [15, 1, 15.5, 16], "texture": "#1"},
				"south": {"uv": [8, 2, 8.5, 3.5], "texture": "#1"},
				"west": {"uv": [8, 4, 8.5, 5.5], "texture": "#1"},
				"up": {"uv": [11.5, 2.5, 11, 2], "texture": "#1"},
				"down": {"uv": [11.5, 3, 11, 3.5], "texture": "#1"}
			}
		},
		{
			"name": "enchanted_iron_shovel_5_outline",
			"from": [7.1, 7.1, 8.6],
			"to": [5.9, 3.8, 7.4],
			"light_emission": 15,
			"rotation": {"angle": 0, "axis": "y", "origin": [-2, -2.1, 7.5]},
			"faces": {
				"north": {"uv": [5, 7.5, 5.5, 9], "texture": "#1"},
				"east": {"uv": [15, 1, 15.5, 16], "texture": "#1"},
				"south": {"uv": [8, 2, 8.5, 3.5], "texture": "#1"},
				"west": {"uv": [8, 4, 8.5, 5.5], "texture": "#1"},
				"up": {"uv": [11.5, 2.5, 11, 2], "texture": "#1"},
				"down": {"uv": [11.5, 3, 11, 3.5], "texture": "#1"}
			}
		},
		{
			"name": "enchanted_iron_shovel_5_outline",
			"from": [6.1, 6.1, 8.6],
			"to": [4.9, 2.8, 7.4],
			"light_emission": 15,
			"rotation": {"angle": 0, "axis": "y", "origin": [-3, -3.1, 7.5]},
			"faces": {
				"north": {"uv": [5, 7.5, 5.5, 9], "texture": "#1"},
				"east": {"uv": [15, 1, 15.5, 16], "texture": "#1"},
				"south": {"uv": [8, 2, 8.5, 3.5], "texture": "#1"},
				"west": {"uv": [8, 4, 8.5, 5.5], "texture": "#1"},
				"up": {"uv": [11.5, 2.5, 11, 2], "texture": "#1"},
				"down": {"uv": [11.5, 3, 11, 3.5], "texture": "#1"}
			}
		},
		{
			"name": "enchanted_iron_shovel_6_outline",
			"from": [13.1, 9.1, 8.6],
			"to": [10.9, 7.9, 7.4],
			"light_emission": 15,
			"rotation": {"angle": 0, "axis": "y", "origin": [0, 0, 7.5]},
			"faces": {
				"north": {"uv": [4, 9.5, 5, 10], "texture": "#1"},
				"east": {"uv": [11, 4, 11.5, 4.5], "texture": "#1"},
				"south": {"uv": [5.5, 9.5, 6.5, 10], "texture": "#1"},
				"west": {"uv": [7, 11, 7.5, 11.5], "texture": "#1"},
				"up": {"uv": [11, 0.5, 10, 0], "texture": "#1"},
				"down": {"uv": [11, 1, 10, 1.5], "texture": "#1"}
			}
		},
		{
			"name": "enchanted_iron_shovel_8_outline",
			"from": [12.1, 8.1, 8.3],
			"to": [9.9, 6.9, 7.4],
			"light_emission": 15,
			"rotation": {"angle": 0, "axis": "y", "origin": [-1, 0, 7.5]},
			"faces": {
				"north": {"uv": [11, 8, 11.5, 8.5], "texture": "#1"},
				"east": {"uv": [9, 11, 9.5, 11.5], "texture": "#1"},
				"south": {"uv": [11, 9, 11.5, 9.5], "texture": "#1"},
				"west": {"uv": [10, 11, 10.5, 11.5], "texture": "#1"},
				"up": {"uv": [11.5, 11, 11, 10], "texture": "#1"},
				"down": {"uv": [11.5, 11, 11, 11.5], "texture": "#1"}
			}
		},
		{
			"name": "enchanted_iron_shovel_11_outline",
			"from": [5.1, 5.1, 8.6],
			"to": [3.9, 0.9, 7.4],
			"light_emission": 15,
			"rotation": {"angle": 0, "axis": "y", "origin": [0, 0, 7.5]},
			"faces": {
				"north": {"uv": [1, 6, 1.5, 8], "texture": "#1"},
				"east": {"uv": [2, 6, 2.5, 8], "texture": "#1"},
				"south": {"uv": [3, 6, 3.5, 8], "texture": "#1"},
				"west": {"uv": [6, 3, 6.5, 5], "texture": "#1"},
				"up": {"uv": [7.5, 10.5, 7, 10], "texture": "#1"},
				"down": {"uv": [10.5, 7, 10, 7.5], "texture": "#1"}
			}
		},
		{
			"name": "enchanted_iron_shovel_12_outline",
			"from": [4.1, 4.1, 8.6],
			"to": [1.9, 1.9, 7.4],
			"light_emission": 15,
			"rotation": {"angle": 0, "axis": "y", "origin": [0, 0, 7.5]},
			"faces": {
				"north": {"uv": [4, 6, 5, 7], "texture": "#1"},
				"east": {"uv": [10, 2, 10.5, 3], "texture": "#1"},
				"south": {"uv": [5.5, 6, 6.5, 7], "texture": "#1"},
				"west": {"uv": [10, 3.5, 10.5, 4.5], "texture": "#1"},
				"up": {"uv": [11, 5.5, 10, 5], "texture": "#1"},
				"down": {"uv": [11, 6, 10, 6.5], "texture": "#1"}
			}
		},
		{
			"name": "enchanted_iron_shovel_13_outline",
			"from": [4.1, 2.1, 8.6],
			"to": [2.9, 0.9, 7.4],
			"light_emission": 15,
			"rotation": {"angle": 0, "axis": "y", "origin": [0, 0, 7.5]},
			"faces": {
				"north": {"uv": [3, 11.5, 3.5, 12], "texture": "#1"},
				"east": {"uv": [4, 11.5, 4.5, 12], "texture": "#1"},
				"south": {"uv": [5, 11.5, 5.5, 12], "texture": "#1"},
				"west": {"uv": [11.5, 5, 12, 5.5], "texture": "#1"},
				"up": {"uv": [6.5, 12, 6, 11.5], "texture": "#1"},
				"down": {"uv": [12, 6, 11.5, 6.5], "texture": "#1"}
			}
		}
	],
	"display": {
		"thirdperson_righthand": {
			"rotation": [0, -90, 55],
			"translation": [0, 4, 0.5],
			"scale": [0.85, 0.85, 0.85]
		},
		"thirdperson_lefthand": {
			"rotation": [0, 90, -55],
			"translation": [0, 4, 0.5],
			"scale": [0.85, 0.85, 0.85]
		},
		"firstperson_righthand": {
			"rotation": [0, -90, 25],
			"translation": [1.13, 3.2, 1.13],
			"scale": [0.68, 0.68, 0.68]
		},
		"firstperson_lefthand": {
			"rotation": [0, 90, -25],
			"translation": [1.13, 3.2, 1.13],
			"scale": [0.68, 0.68, 0.68]
		}
	},
	"groups": [
		{
			"name": "enchanted_iron_shovel",
			"origin": [8, 8, 8],
			"color": 0,
			"children": [0, 1, 2, 3, 4, 5, 6, 7, 8, 9, 10, 11, 12, 13]
		},
		{
			"name": "outline",
			"origin": [0, 0, 7.5],
			"color": 0,
			"children": [14, 15, 16, 17, 18, 19, 20, 21, 22, 23, 24, 25, 26, 27, 28]
		}
	]
}