{
	"format_version": "1.21.6",
	"credit": "Made with Blockbench",
	"texture_size": [32, 32],
	"textures": {
		"0": "item/thirdperson/enchanted_wooden_axe",
		"1": "item/thirdperson/axe_outline",
		"particle": "item/thirdperson/enchanted_wooden_axe"
	},
	"elements": [
		{
			"name": "enchanted_iron_axe_0",
			"from": [9, 7.6, 8],
			"to": [11, 14.6, 9],
			"light_emission": 15,
			"rotation": {"angle": 0, "axis": "y", "origin": [8, 6.35, 8.5]},
			"faces": {
				"north": {"uv": [11, 1, 9, 8], "texture": "#0"},
				"east": {"uv": [10, 1, 11, 8], "texture": "#0"},
				"south": {"uv": [9, 1, 11, 8], "texture": "#0"},
				"west": {"uv": [9, 1, 10, 8], "texture": "#0"},
				"up": {"uv": [9, 1, 11, 2], "texture": "#0"},
				"down": {"uv": [9, 7, 11, 8], "texture": "#0"}
			}
		},
		{
			"name": "enchanted_iron_axe_1",
			"from": [8, 5.6, 8],
			"to": [9, 13.6, 9],
			"light_emission": 15,
			"rotation": {"angle": 0, "axis": "y", "origin": [8, 6.35, 8.5]},
			"faces": {
				"north": {"uv": [9, 2, 8, 10], "texture": "#0"},
				"east": {"uv": [8, 2, 9, 10], "texture": "#0"},
				"south": {"uv": [8, 2, 9, 10], "texture": "#0"},
				"west": {"uv": [8, 2, 9, 10], "texture": "#0"},
				"up": {"uv": [8, 2, 9, 3], "texture": "#0"},
				"down": {"uv": [8, 9, 9, 10], "texture": "#0"}
			}
		},
		{
			"name": "enchanted_iron_axe_2",
			"from": [11, 6.6, 8],
			"to": [12, 13.6, 9],
			"light_emission": 15,
			"rotation": {"angle": 0, "axis": "y", "origin": [8, 6.35, 8.5]},
			"faces": {
				"north": {"uv": [12, 2, 11, 9], "texture": "#0"},
				"east": {"uv": [11, 2, 12, 9], "texture": "#0"},
				"south": {"uv": [11, 2, 12, 9], "texture": "#0"},
				"west": {"uv": [11, 2, 12, 9], "texture": "#0"},
				"up": {"uv": [11, 2, 12, 3], "texture": "#0"},
				"down": {"uv": [11, 8, 12, 9], "texture": "#0"}
			}
		},
		{
			"name": "enchanted_iron_axe_3",
			"from": [7, 8.6, 8],
			"to": [8, 12.6, 9],
			"light_emission": 15,
			"rotation": {"angle": 0, "axis": "y", "origin": [8, 6.35, 8.5]},
			"faces": {
				"north": {"uv": [8, 3, 7, 7], "texture": "#0"},
				"east": {"uv": [7, 3, 8, 7], "texture": "#0"},
				"south": {"uv": [7, 3, 8, 7], "texture": "#0"},
				"west": {"uv": [7, 3, 8, 7], "texture": "#0"},
				"up": {"uv": [7, 3, 8, 4], "texture": "#0"},
				"down": {"uv": [7, 6, 8, 7], "texture": "#0"}
			}
		},
		{
			"name": "enchanted_iron_axe_4",
			"from": [6, 9.6, 8],
			"to": [7, 11.6, 9],
			"light_emission": 15,
			"rotation": {"angle": 0, "axis": "y", "origin": [8, 6.35, 8.5]},
			"faces": {
				"north": {"uv": [7, 4, 6, 6], "texture": "#0"},
				"east": {"uv": [6, 4, 7, 6], "texture": "#0"},
				"south": {"uv": [6, 4, 7, 6], "texture": "#0"},
				"west": {"uv": [6, 4, 7, 6], "texture": "#0"},
				"up": {"uv": [6, 4, 7, 5], "texture": "#0"},
				"down": {"uv": [6, 5, 7, 6], "texture": "#0"}
			}
		},
		{
			"name": "enchanted_iron_axe_5",
			"from": [12, 6.6, 8],
			"to": [13, 11.6, 9],
			"light_emission": 15,
			"rotation": {"angle": 0, "axis": "y", "origin": [8, 6.35, 8.5]},
			"faces": {
				"north": {"uv": [13, 4, 12, 9], "texture": "#0"},
				"east": {"uv": [12, 4, 13, 9], "texture": "#0"},
				"south": {"uv": [12, 4, 13, 9], "texture": "#0"},
				"west": {"uv": [12, 4, 13, 9], "texture": "#0"},
				"up": {"uv": [12, 4, 13, 5], "texture": "#0"},
				"down": {"uv": [12, 8, 13, 9], "texture": "#0"}
			}
		},
		{
			"name": "enchanted_iron_axe_6",
			"from": [13, 7.6, 8],
			"to": [14, 9.6, 9],
			"light_emission": 15,
			"rotation": {"angle": 0, "axis": "y", "origin": [8, 6.35, 8.5]},
			"faces": {
				"north": {"uv": [14, 6, 13, 8], "texture": "#0"},
				"east": {"uv": [13, 6, 14, 8], "texture": "#0"},
				"south": {"uv": [13, 6, 14, 8], "texture": "#0"},
				"west": {"uv": [13, 6, 14, 8], "texture": "#0"},
				"up": {"uv": [13, 6, 14, 7], "texture": "#0"},
				"down": {"uv": [13, 7, 14, 8], "texture": "#0"}
			}
		},
		{
			"name": "enchanted_iron_axe_7",
			"from": [7, 4.6, 8],
			"to": [8, 7.6, 9],
			"light_emission": 15,
			"rotation": {"angle": 0, "axis": "y", "origin": [8, 6.35, 8.5]},
			"faces": {
				"north": {"uv": [8, 8, 7, 11], "texture": "#0"},
				"east": {"uv": [7, 8, 8, 11], "texture": "#0"},
				"south": {"uv": [7, 8, 8, 11], "texture": "#0"},
				"west": {"uv": [7, 8, 8, 11], "texture": "#0"},
				"up": {"uv": [7, 8, 8, 9], "texture": "#0"},
				"down": {"uv": [7, 10, 8, 11], "texture": "#0"}
			}
		},
		{
			"name": "enchanted_iron_axe_8",
			"from": [9, 6.6, 8],
			"to": [10, 7.6, 9],
			"light_emission": 15,
			"rotation": {"angle": 0, "axis": "y", "origin": [8, 6.35, 8.5]},
			"faces": {
				"north": {"uv": [10, 8, 9, 9], "texture": "#0"},
				"east": {"uv": [9, 8, 10, 9], "texture": "#0"},
				"south": {"uv": [9, 8, 10, 9], "texture": "#0"},
				"west": {"uv": [9, 8, 10, 9], "texture": "#0"},
				"up": {"uv": [9, 8, 10, 9], "texture": "#0"},
				"down": {"uv": [9, 8, 10, 9], "texture": "#0"}
			}
		},
		{
			"name": "enchanted_iron_axe_9",
			"from": [6, 3.6, 8],
			"to": [7, 6.6, 9],
			"light_emission": 15,
			"rotation": {"angle": 0, "axis": "y", "origin": [8, 6.35, 8.5]},
			"faces": {
				"north": {"uv": [7, 9, 6, 12], "texture": "#0"},
				"east": {"uv": [6, 9, 7, 12], "texture": "#0"},
				"south": {"uv": [6, 9, 7, 12], "texture": "#0"},
				"west": {"uv": [6, 9, 7, 12], "texture": "#0"},
				"up": {"uv": [6, 9, 7, 10], "texture": "#0"},
				"down": {"uv": [6, 11, 7, 12], "texture": "#0"}
			}
		},
		{
			"name": "enchanted_iron_axe_10",
			"from": [5, 2.6, 8],
			"to": [6, 5.6, 9],
			"light_emission": 15,
			"rotation": {"angle": 0, "axis": "y", "origin": [8, 6.35, 8.5]},
			"faces": {
				"north": {"uv": [6, 10, 5, 13], "texture": "#0"},
				"east": {"uv": [5, 10, 6, 13], "texture": "#0"},
				"south": {"uv": [5, 10, 6, 13], "texture": "#0"},
				"west": {"uv": [5, 10, 6, 13], "texture": "#0"},
				"up": {"uv": [5, 10, 6, 11], "texture": "#0"},
				"down": {"uv": [5, 12, 6, 13], "texture": "#0"}
			}
		},
		{
			"name": "enchanted_iron_axe_11",
			"from": [4, 1.6, 8],
			"to": [5, 4.6, 9],
			"light_emission": 15,
			"rotation": {"angle": 0, "axis": "y", "origin": [8, 6.35, 8.5]},
			"faces": {
				"north": {"uv": [5, 11, 4, 14], "texture": "#0"},
				"east": {"uv": [4, 11, 5, 14], "texture": "#0"},
				"south": {"uv": [4, 11, 5, 14], "texture": "#0"},
				"west": {"uv": [4, 11, 5, 14], "texture": "#0"},
				"up": {"uv": [4, 11, 5, 12], "texture": "#0"},
				"down": {"uv": [4, 13, 5, 14], "texture": "#0"}
			}
		},
		{
			"name": "enchanted_iron_axe_12",
			"from": [3, 0.6, 8],
			"to": [4, 3.6, 9],
			"light_emission": 15,
			"rotation": {"angle": 0, "axis": "y", "origin": [8, 6.35, 8.5]},
			"faces": {
				"north": {"uv": [4, 12, 3, 15], "texture": "#0"},
				"east": {"uv": [3, 12, 4, 15], "texture": "#0"},
				"south": {"uv": [3, 12, 4, 15], "texture": "#0"},
				"west": {"uv": [3, 12, 4, 15], "texture": "#0"},
				"up": {"uv": [3, 12, 4, 13], "texture": "#0"},
				"down": {"uv": [3, 14, 4, 15], "texture": "#0"}
			}
		},
		{
			"name": "enchanted_iron_axe_13",
			"from": [2, 0.6, 8],
			"to": [3, 2.6, 9],
			"light_emission": 15,
			"rotation": {"angle": 0, "axis": "y", "origin": [8, 6.35, 8.5]},
			"faces": {
				"north": {"uv": [3, 13, 2, 15], "texture": "#0"},
				"east": {"uv": [2, 13, 3, 15], "texture": "#0"},
				"south": {"uv": [2, 13, 3, 15], "texture": "#0"},
				"west": {"uv": [2, 13, 3, 15], "texture": "#0"},
				"up": {"uv": [2, 13, 3, 14], "texture": "#0"},
				"down": {"uv": [2, 14, 3, 15], "texture": "#0"}
			}
		},
		{
			"name": "enchanted_iron_axe_0_outline",
			"from": [11.1, 14.7, 9.1],
			"to": [8.9, 7.5, 7.9],
			"light_emission": 15,
			"rotation": {"angle": 0, "axis": "y", "origin": [8, 6.35, 8.5]},
			"faces": {
				"north": {"uv": [0, 0, 1, 3.5], "texture": "#1"},
				"east": {"uv": [3, 4.5, 3.5, 8], "texture": "#1"},
				"south": {"uv": [1.5, 0, 2.5, 3.5], "texture": "#1"},
				"west": {"uv": [2, 4, 2.5, 7.5], "texture": "#1"},
				"up": {"uv": [10.5, 9, 10, 8], "rotation": 270, "texture": "#1"},
				"down": {"uv": [9.5, 10, 9, 11], "rotation": 90, "texture": "#1"}
			}
		},
		{
			"name": "enchanted_iron_axe_1_outline",
			"from": [9.1, 13.7, 9.1],
			"to": [7.9, 5.5, 7.9],
			"light_emission": 15,
			"rotation": {"angle": 0, "axis": "y", "origin": [8, 6.35, 8.5]},
			"faces": {
				"north": {"uv": [0, 4, 0.5, 8], "texture": "#1"},
				"east": {"uv": [4, 0, 4.5, 4], "texture": "#1"},
				"south": {"uv": [1, 4, 1.5, 8], "texture": "#1"},
				"west": {"uv": [3, 0, 3.5, 4], "texture": "#1"},
				"up": {"uv": [11.5, 8, 11, 7.5], "rotation": 270, "texture": "#1"},
				"down": {"uv": [8.5, 11, 8, 11.5], "rotation": 90, "texture": "#1"}
			}
		},
		{
			"name": "enchanted_iron_axe_2_outline",
			"from": [12.1, 13.7, 9.1],
			"to": [10.9, 6.5, 7.9],
			"light_emission": 15,
			"rotation": {"angle": 0, "axis": "y", "origin": [8, 6.35, 8.5]},
			"faces": {
				"north": {"uv": [5, 0, 5.5, 3.5], "texture": "#1"},
				"east": {"uv": [5, 4, 5.5, 7.5], "texture": "#1"},
				"south": {"uv": [6, 0, 6.5, 3.5], "texture": "#1"},
				"west": {"uv": [4, 4.5, 4.5, 8], "texture": "#1"},
				"up": {"uv": [11.5, 9, 11, 8.5], "rotation": 270, "texture": "#1"},
				"down": {"uv": [11.5, 9.5, 11, 10], "rotation": 90, "texture": "#1"}
			}
		},
		{
			"name": "enchanted_iron_axe_3_outline",
			"from": [8.1, 12.7, 9.1],
			"to": [6.9, 8.5, 7.9],
			"light_emission": 15,
			"rotation": {"angle": 0, "axis": "y", "origin": [8, 6.35, 8.5]},
			"faces": {
				"north": {"uv": [8, 0, 8.5, 2], "texture": "#1"},
				"east": {"uv": [2, 8, 2.5, 10], "texture": "#1"},
				"south": {"uv": [8, 2.5, 8.5, 4.5], "texture": "#1"},
				"west": {"uv": [7, 6, 7.5, 8], "texture": "#1"},
				"up": {"uv": [10.5, 11.5, 10, 11], "rotation": 270, "texture": "#1"},
				"down": {"uv": [11.5, 10.5, 11, 11], "rotation": 90, "texture": "#1"}
			}
		},
		{
			"name": "enchanted_iron_axe_4_outline",
			"from": [7.1, 11.7, 9.1],
			"to": [5.9, 9.5, 7.9],
			"light_emission": 15,
			"rotation": {"angle": 0, "axis": "y", "origin": [8, 6.35, 8.5]},
			"faces": {
				"north": {"uv": [0, 10.5, 0.5, 11.5], "texture": "#1"},
				"east": {"uv": [1, 10.5, 1.5, 11.5], "texture": "#1"},
				"south": {"uv": [2, 10.5, 2.5, 11.5], "texture": "#1"},
				"west": {"uv": [10, 9.5, 10.5, 10.5], "texture": "#1"},
				"up": {"uv": [9.5, 12, 9, 11.5], "rotation": 270, "texture": "#1"},
				"down": {"uv": [11.5, 11.5, 11, 12], "rotation": 90, "texture": "#1"}
			}
		},
		{
			"name": "enchanted_iron_axe_5_outline",
			"from": [13.1, 11.7, 9.1],
			"to": [11.9, 6.5, 7.9],
			"light_emission": 15,
			"rotation": {"angle": 0, "axis": "y", "origin": [8, 6.35, 8.5]},
			"faces": {
				"north": {"uv": [7, 0, 7.5, 2.5], "texture": "#1"},
				"east": {"uv": [7, 3, 7.5, 5.5], "texture": "#1"},
				"south": {"uv": [6, 7, 6.5, 9.5], "texture": "#1"},
				"west": {"uv": [6, 4, 6.5, 6.5], "texture": "#1"},
				"up": {"uv": [0.5, 12.5, 0, 12], "rotation": 270, "texture": "#1"},
				"down": {"uv": [12.5, 0, 12, 0.5], "rotation": 90, "texture": "#1"}
			}
		},
		{
			"name": "enchanted_iron_axe_6_outline",
			"from": [14.1, 9.7, 9.1],
			"to": [12.9, 7.5, 7.9],
			"light_emission": 15,
			"rotation": {"angle": 0, "axis": "y", "origin": [8, 6.35, 8.5]},
			"faces": {
				"north": {"uv": [4, 10.5, 4.5, 11.5], "texture": "#1"},
				"east": {"uv": [7, 10.5, 7.5, 11.5], "texture": "#1"},
				"south": {"uv": [11, 0, 11.5, 1], "texture": "#1"},
				"west": {"uv": [3, 10.5, 3.5, 11.5], "texture": "#1"},
				"up": {"uv": [1.5, 12.5, 1, 12], "rotation": 270, "texture": "#1"},
				"down": {"uv": [12.5, 1, 12, 1.5], "rotation": 90, "texture": "#1"}
			}
		},
		{
			"name": "enchanted_iron_axe_7_outline",
			"from": [8.1, 7.7, 9.1],
			"to": [6.9, 4.5, 7.9],
			"light_emission": 15,
			"rotation": {"angle": 0, "axis": "y", "origin": [8, 6.35, 8.5]},
			"faces": {
				"north": {"uv": [8, 5, 8.5, 6.5], "texture": "#1"},
				"east": {"uv": [8, 7, 8.5, 8.5], "texture": "#1"},
				"south": {"uv": [0, 8.5, 0.5, 10], "texture": "#1"},
				"west": {"uv": [5, 8, 5.5, 9.5], "texture": "#1"},
				"up": {"uv": [2.5, 12.5, 2, 12], "rotation": 270, "texture": "#1"},
				"down": {"uv": [12.5, 2, 12, 2.5], "rotation": 90, "texture": "#1"}
			}
		},
		{
			"name": "enchanted_iron_axe_8_outline",
			"from": [10.1, 7.7, 9.1],
			"to": [8.9, 6.5, 7.9],
			"light_emission": 15,
			"rotation": {"angle": 0, "axis": "y", "origin": [8, 6.35, 8.5]},
			"faces": {
				"north": {"uv": [12, 3, 12.5, 3.5], "texture": "#1"},
				"east": {"uv": [4, 12, 4.5, 12.5], "texture": "#1"},
				"south": {"uv": [12, 4, 12.5, 4.5], "texture": "#1"},
				"west": {"uv": [3, 12, 3.5, 12.5], "texture": "#1"},
				"up": {"uv": [5.5, 12.5, 5, 12], "rotation": 270, "texture": "#1"},
				"down": {"uv": [12.5, 5, 12, 5.5], "rotation": 90, "texture": "#1"}
			}
		},
		{
			"name": "enchanted_iron_axe_9_outline",
			"from": [7.1, 6.7, 9.1],
			"to": [5.9, 3.5, 7.9],
			"light_emission": 15,
			"rotation": {"angle": 0, "axis": "y", "origin": [8, 6.35, 8.5]},
			"faces": {
				"north": {"uv": [3, 8.5, 3.5, 10], "texture": "#1"},
				"east": {"uv": [4, 8.5, 4.5, 10], "texture": "#1"},
				"south": {"uv": [7, 8.5, 7.5, 10], "texture": "#1"},
				"west": {"uv": [1, 8.5, 1.5, 10], "texture": "#1"},
				"up": {"uv": [6.5, 12.5, 6, 12], "rotation": 270, "texture": "#1"},
				"down": {"uv": [12.5, 6, 12, 6.5], "rotation": 90, "texture": "#1"}
			}
		},
		{
			"name": "enchanted_iron_axe_10_outline",
			"from": [6.1, 5.7, 9.1],
			"to": [4.9, 2.5, 7.9],
			"light_emission": 15,
			"rotation": {"angle": 0, "axis": "y", "origin": [8, 6.35, 8.5]},
			"faces": {
				"north": {"uv": [9, 2, 9.5, 3.5], "texture": "#1"},
				"east": {"uv": [9, 4, 9.5, 5.5], "texture": "#1"},
				"south": {"uv": [9, 6, 9.5, 7.5], "texture": "#1"},
				"west": {"uv": [9, 0, 9.5, 1.5], "texture": "#1"},
				"up": {"uv": [7.5, 12.5, 7, 12], "rotation": 270, "texture": "#1"},
				"down": {"uv": [12.5, 7, 12, 7.5], "rotation": 90, "texture": "#1"}
			}
		},
		{
			"name": "enchanted_iron_axe_11_outline",
			"from": [5.1, 4.7, 9.1],
			"to": [3.9, 1.5, 7.9],
			"light_emission": 15,
			"rotation": {"angle": 0, "axis": "y", "origin": [8, 6.35, 8.5]},
			"faces": {
				"north": {"uv": [9, 8, 9.5, 9.5], "texture": "#1"},
				"east": {"uv": [10, 0, 10.5, 1.5], "texture": "#1"},
				"south": {"uv": [10, 2, 10.5, 3.5], "texture": "#1"},
				"west": {"uv": [8, 9, 8.5, 10.5], "texture": "#1"},
				"up": {"uv": [8.5, 12.5, 8, 12], "rotation": 270, "texture": "#1"},
				"down": {"uv": [12.5, 8, 12, 8.5], "rotation": 90, "texture": "#1"}
			}
		},
		{
			"name": "enchanted_iron_axe_12_outline",
			"from": [4.1, 3.7, 9.1],
			"to": [2.9, 0.5, 7.9],
			"light_emission": 15,
			"rotation": {"angle": 0, "axis": "y", "origin": [8, 6.35, 8.5]},
			"faces": {
				"north": {"uv": [5, 10, 5.5, 11.5], "texture": "#1"},
				"east": {"uv": [6, 10, 6.5, 11.5], "texture": "#1"},
				"south": {"uv": [10, 6, 10.5, 7.5], "texture": "#1"},
				"west": {"uv": [10, 4, 10.5, 5.5], "texture": "#1"},
				"up": {"uv": [12.5, 9.5, 12, 9], "rotation": 270, "texture": "#1"},
				"down": {"uv": [10.5, 12, 10, 12.5], "rotation": 90, "texture": "#1"}
			}
		},
		{
			"name": "enchanted_iron_axe_13_outline",
			"from": [3.1, 2.7, 9.1],
			"to": [1.9, 0.5, 7.9],
			"light_emission": 15,
			"rotation": {"angle": 0, "axis": "y", "origin": [8, 6.35, 8.5]},
			"faces": {
				"north": {"uv": [11, 3, 11.5, 4], "texture": "#1"},
				"east": {"uv": [11, 4.5, 11.5, 5.5], "texture": "#1"},
				"south": {"uv": [11, 6, 11.5, 7], "texture": "#1"},
				"west": {"uv": [11, 1.5, 11.5, 2.5], "texture": "#1"},
				"up": {"uv": [12.5, 10.5, 12, 10], "rotation": 270, "texture": "#1"},
				"down": {"uv": [12.5, 11, 12, 11.5], "rotation": 90, "texture": "#1"}
			}
		}
	],
	"display": {
		"thirdperson_righthand": {
			"rotation": [0, -90, 55],
			"translation": [0, 4, 0.5],
			"scale": [0.85, 0.85, 0.85]
		},
		"thirdperson_lefthand": {
			"rotation": [0, 90, -55],
			"translation": [0, 4, 0.5],
			"scale": [0.85, 0.85, 0.85]
		},
		"firstperson_righthand": {
			"rotation": [0, -90, 25],
			"translation": [1.13, 3.2, 1.13],
			"scale": [0.68, 0.68, 0.68]
		},
		"firstperson_lefthand": {
			"rotation": [0, 90, -25],
			"translation": [1.13, 3.2, 1.13],
			"scale": [0.68, 0.68, 0.68]
		},
		"ground": {
			"translation": [0, 2, 0],
			"scale": [0.5, 0.5, 0.5]
		},
		"fixed": {
			"rotation": [0, -180, 0]
		}
	},
	"groups": [
		{
			"name": "enchanted_iron_axe",
			"origin": [8, 8, 8],
			"color": 0,
			"children": [0, 1, 2, 3, 4, 5, 6, 7, 8, 9, 10, 11, 12, 13]
		},
		{
			"name": "outline",
			"origin": [8, 8.35, 8.5],
			"color": 0,
			"children": [14, 15, 16, 17, 18, 19, 20, 21, 22, 23, 24, 25, 26, 27]
		}
	]
}