{
	"format_version": "1.21.6",
	"credit": "Made with Blockbench",
	"texture_size": [32, 32],
	"textures": {
		"0": "item/thirdperson/enchanted_stone_hoe",
		"1": "item/thirdperson/hoe_outline",
		"particle": "item/thirdperson/enchanted_stone_hoe"
	},
	"elements": [
		{
			"name": "enchanted_wooden_hoe_0",
			"from": [7, 12, 7.5],
			"to": [10, 15, 8.5],
			"light_emission": 15,
			"rotation": {"angle": 0, "axis": "y", "origin": [0, 0, 7.5]},
			"faces": {
				"north": {"uv": [10, 1, 7, 4], "texture": "#0"},
				"east": {"uv": [9, 1, 10, 4], "texture": "#0"},
				"south": {"uv": [7, 1, 10, 4], "texture": "#0"},
				"west": {"uv": [7, 1, 8, 4], "texture": "#0"},
				"up": {"uv": [7, 1, 10, 2], "texture": "#0"},
				"down": {"uv": [7, 3, 10, 4], "texture": "#0"}
			}
		},
		{
			"name": "enchanted_wooden_hoe_1",
			"from": [6, 13, 7.5],
			"to": [7, 14, 8.5],
			"light_emission": 15,
			"rotation": {"angle": 0, "axis": "y", "origin": [0, 0, 7.5]},
			"faces": {
				"north": {"uv": [7, 2, 6, 3], "texture": "#0"},
				"east": {"uv": [6, 2, 7, 3], "texture": "#0"},
				"south": {"uv": [6, 2, 7, 3], "texture": "#0"},
				"west": {"uv": [6, 2, 7, 3], "texture": "#0"},
				"up": {"uv": [6, 2, 7, 3], "texture": "#0"},
				"down": {"uv": [6, 2, 7, 3], "texture": "#0"}
			}
		},
		{
			"name": "enchanted_wooden_hoe_2",
			"from": [10, 8, 7.5],
			"to": [11, 14, 8.5],
			"light_emission": 15,
			"rotation": {"angle": 0, "axis": "y", "origin": [0, 0, 7.5]},
			"faces": {
				"north": {"uv": [11, 2, 10, 8], "texture": "#0"},
				"east": {"uv": [10, 2, 11, 8], "texture": "#0"},
				"south": {"uv": [10, 2, 11, 8], "texture": "#0"},
				"west": {"uv": [10, 2, 11, 8], "texture": "#0"},
				"up": {"uv": [10, 2, 11, 3], "texture": "#0"},
				"down": {"uv": [10, 7, 11, 8], "texture": "#0"}
			}
		},
		{
			"name": "enchanted_wooden_hoe_3",
			"from": [11, 10, 7.5],
			"to": [14, 13, 8.5],
			"light_emission": 15,
			"rotation": {"angle": 0, "axis": "y", "origin": [0, 0, 7.5]},
			"faces": {
				"north": {"uv": [14, 3, 11, 6], "texture": "#0"},
				"east": {"uv": [13, 3, 14, 6], "texture": "#0"},
				"south": {"uv": [11, 3, 14, 6], "texture": "#0"},
				"west": {"uv": [11, 3, 12, 6], "texture": "#0"},
				"up": {"uv": [11, 3, 14, 4], "texture": "#0"},
				"down": {"uv": [11, 5, 14, 6], "texture": "#0"}
			}
		},
		{
			"name": "enchanted_wooden_hoe_4",
			"from": [9, 11, 7.5],
			"to": [10, 12, 8.5],
			"light_emission": 15,
			"rotation": {"angle": 0, "axis": "y", "origin": [0, 0, 7.5]},
			"faces": {
				"north": {"uv": [10, 4, 9, 5], "texture": "#0"},
				"east": {"uv": [9, 4, 10, 5], "texture": "#0"},
				"south": {"uv": [9, 4, 10, 5], "texture": "#0"},
				"west": {"uv": [9, 4, 10, 5], "texture": "#0"},
				"up": {"uv": [9, 4, 10, 5], "texture": "#0"},
				"down": {"uv": [9, 4, 10, 5], "texture": "#0"}
			}
		},
		{
			"name": "enchanted_wooden_hoe_5",
			"from": [9, 7, 7.5],
			"to": [10, 10, 8.5],
			"light_emission": 15,
			"rotation": {"angle": 0, "axis": "y", "origin": [0, 0, 7.5]},
			"faces": {
				"north": {"uv": [10, 6, 9, 9], "texture": "#0"},
				"east": {"uv": [9, 6, 10, 9], "texture": "#0"},
				"south": {"uv": [9, 6, 10, 9], "texture": "#0"},
				"west": {"uv": [9, 6, 10, 9], "texture": "#0"},
				"up": {"uv": [9, 6, 10, 7], "texture": "#0"},
				"down": {"uv": [9, 8, 10, 9], "texture": "#0"}
			}
		},
		{
			"name": "enchanted_wooden_hoe_6",
			"from": [11, 9, 7.5],
			"to": [13, 10, 8.5],
			"light_emission": 15,
			"rotation": {"angle": 0, "axis": "y", "origin": [0, 0, 7.5]},
			"faces": {
				"north": {"uv": [13, 6, 11, 7], "texture": "#0"},
				"east": {"uv": [12, 6, 13, 7], "texture": "#0"},
				"south": {"uv": [11, 6, 13, 7], "texture": "#0"},
				"west": {"uv": [11, 6, 12, 7], "texture": "#0"},
				"up": {"uv": [11, 6, 13, 7], "texture": "#0"},
				"down": {"uv": [11, 6, 13, 7], "texture": "#0"}
			}
		},
		{
			"name": "enchanted_wooden_hoe_7",
			"from": [8, 6, 7.5],
			"to": [9, 9, 8.5],
			"light_emission": 15,
			"rotation": {"angle": 0, "axis": "y", "origin": [0, 0, 7.5]},
			"faces": {
				"north": {"uv": [9, 7, 8, 10], "texture": "#0"},
				"east": {"uv": [8, 7, 9, 10], "texture": "#0"},
				"south": {"uv": [8, 7, 9, 10], "texture": "#0"},
				"west": {"uv": [8, 7, 9, 10], "texture": "#0"},
				"up": {"uv": [8, 7, 9, 8], "texture": "#0"},
				"down": {"uv": [8, 9, 9, 10], "texture": "#0"}
			}
		},
		{
			"name": "enchanted_wooden_hoe_8",
			"from": [7, 5, 7.5],
			"to": [8, 8, 8.5],
			"light_emission": 15,
			"rotation": {"angle": 0, "axis": "y", "origin": [0, 0, 7.5]},
			"faces": {
				"north": {"uv": [8, 8, 7, 11], "texture": "#0"},
				"east": {"uv": [7, 8, 8, 11], "texture": "#0"},
				"south": {"uv": [7, 8, 8, 11], "texture": "#0"},
				"west": {"uv": [7, 8, 8, 11], "texture": "#0"},
				"up": {"uv": [7, 8, 8, 9], "texture": "#0"},
				"down": {"uv": [7, 10, 8, 11], "texture": "#0"}
			}
		},
		{
			"name": "enchanted_wooden_hoe_9",
			"from": [6, 4, 7.5],
			"to": [7, 7, 8.5],
			"light_emission": 15,
			"rotation": {"angle": 0, "axis": "y", "origin": [0, 0, 7.5]},
			"faces": {
				"north": {"uv": [7, 9, 6, 12], "texture": "#0"},
				"east": {"uv": [6, 9, 7, 12], "texture": "#0"},
				"south": {"uv": [6, 9, 7, 12], "texture": "#0"},
				"west": {"uv": [6, 9, 7, 12], "texture": "#0"},
				"up": {"uv": [6, 9, 7, 10], "texture": "#0"},
				"down": {"uv": [6, 11, 7, 12], "texture": "#0"}
			}
		},
		{
			"name": "enchanted_wooden_hoe_10",
			"from": [5, 3, 7.5],
			"to": [6, 6, 8.5],
			"light_emission": 15,
			"rotation": {"angle": 0, "axis": "y", "origin": [0, 0, 7.5]},
			"faces": {
				"north": {"uv": [6, 10, 5, 13], "texture": "#0"},
				"east": {"uv": [5, 10, 6, 13], "texture": "#0"},
				"south": {"uv": [5, 10, 6, 13], "texture": "#0"},
				"west": {"uv": [5, 10, 6, 13], "texture": "#0"},
				"up": {"uv": [5, 10, 6, 11], "texture": "#0"},
				"down": {"uv": [5, 12, 6, 13], "texture": "#0"}
			}
		},
		{
			"name": "enchanted_wooden_hoe_11",
			"from": [4, 2, 7.5],
			"to": [5, 5, 8.5],
			"light_emission": 15,
			"rotation": {"angle": 0, "axis": "y", "origin": [0, 0, 7.5]},
			"faces": {
				"north": {"uv": [5, 11, 4, 14], "texture": "#0"},
				"east": {"uv": [4, 11, 5, 14], "texture": "#0"},
				"south": {"uv": [4, 11, 5, 14], "texture": "#0"},
				"west": {"uv": [4, 11, 5, 14], "texture": "#0"},
				"up": {"uv": [4, 11, 5, 12], "texture": "#0"},
				"down": {"uv": [4, 13, 5, 14], "texture": "#0"}
			}
		},
		{
			"name": "enchanted_wooden_hoe_12",
			"from": [3, 1, 7.5],
			"to": [4, 4, 8.5],
			"light_emission": 15,
			"rotation": {"angle": 0, "axis": "y", "origin": [0, 0, 7.5]},
			"faces": {
				"north": {"uv": [4, 12, 3, 15], "texture": "#0"},
				"east": {"uv": [3, 12, 4, 15], "texture": "#0"},
				"south": {"uv": [3, 12, 4, 15], "texture": "#0"},
				"west": {"uv": [3, 12, 4, 15], "texture": "#0"},
				"up": {"uv": [3, 12, 4, 13], "texture": "#0"},
				"down": {"uv": [3, 14, 4, 15], "texture": "#0"}
			}
		},
		{
			"name": "enchanted_wooden_hoe_13",
			"from": [2, 1, 7.5],
			"to": [3, 3, 8.5],
			"light_emission": 15,
			"rotation": {"angle": 0, "axis": "y", "origin": [0, 0, 7.5]},
			"faces": {
				"north": {"uv": [3, 13, 2, 15], "texture": "#0"},
				"east": {"uv": [2, 13, 3, 15], "texture": "#0"},
				"south": {"uv": [2, 13, 3, 15], "texture": "#0"},
				"west": {"uv": [2, 13, 3, 15], "texture": "#0"},
				"up": {"uv": [2, 13, 3, 14], "texture": "#0"},
				"down": {"uv": [2, 14, 3, 15], "texture": "#0"}
			}
		},
		{
			"name": "enchanted_wooden_hoe_0_outline",
			"from": [10.1, 15.1, 8.6],
			"to": [6.9, 11.9, 7.4],
			"light_emission": 15,
			"rotation": {"angle": 0, "axis": "y", "origin": [0, 0, 7.5]},
			"faces": {
				"north": {"uv": [0, 0, 1.5, 1.5], "texture": "#1"},
				"east": {"uv": [3, 4, 3.5, 5.5], "texture": "#1"},
				"south": {"uv": [0, 2, 1.5, 3.5], "texture": "#1"},
				"west": {"uv": [4, 3.5, 4.5, 5], "texture": "#1"},
				"up": {"uv": [6.5, 0.5, 5, 0], "texture": "#1"},
				"down": {"uv": [6.5, 1, 5, 1.5], "texture": "#1"}
			}
		},
		{
			"name": "enchanted_wooden_hoe_1_outline",
			"from": [7.1, 14.1, 8.6],
			"to": [5.9, 12.9, 7.4],
			"light_emission": 15,
			"rotation": {"angle": 0, "axis": "y", "origin": [0, 0, 7.5]},
			"faces": {
				"north": {"uv": [10, 6.5, 10.5, 7], "texture": "#1"},
				"east": {"uv": [10, 7.5, 10.5, 8], "texture": "#1"},
				"south": {"uv": [8, 10, 8.5, 10.5], "texture": "#1"},
				"west": {"uv": [10, 8.5, 10.5, 9], "texture": "#1"},
				"up": {"uv": [9.5, 10.5, 9, 10], "texture": "#1"},
				"down": {"uv": [10.5, 9.5, 10, 10], "texture": "#1"}
			}
		},
		{
			"name": "enchanted_wooden_hoe_2_outline",
			"from": [11.1, 14.1, 8.6],
			"to": [9.9, 7.9, 7.4],
			"light_emission": 15,
			"rotation": {"angle": 0, "axis": "y", "origin": [0, 0, 7.5]},
			"faces": {
				"north": {"uv": [0, 4, 0.5, 7], "texture": "#1"},
				"east": {"uv": [4, 0, 4.5, 3], "texture": "#1"},
				"south": {"uv": [1, 4, 1.5, 7], "texture": "#1"},
				"west": {"uv": [2, 4, 2.5, 7], "texture": "#1"},
				"up": {"uv": [0.5, 11, 0, 10.5], "texture": "#1"},
				"down": {"uv": [1.5, 10.5, 1, 11], "texture": "#1"}
			}
		},
		{
			"name": "enchanted_wooden_hoe_3_outline",
			"from": [14.1, 13.1, 8.6],
			"to": [10.9, 9.9, 7.4],
			"light_emission": 15,
			"rotation": {"angle": 0, "axis": "y", "origin": [0, 0, 7.5]},
			"faces": {
				"north": {"uv": [2, 0, 3.5, 1.5], "texture": "#1"},
				"east": {"uv": [5, 2, 5.5, 3.5], "texture": "#1"},
				"south": {"uv": [2, 2, 3.5, 3.5], "texture": "#1"},
				"west": {"uv": [5, 4, 5.5, 5.5], "texture": "#1"},
				"up": {"uv": [7.5, 2.5, 6, 2], "texture": "#1"},
				"down": {"uv": [4.5, 6, 3, 6.5], "texture": "#1"}
			}
		},
		{
			"name": "enchanted_wooden_hoe_4_outline",
			"from": [10.1, 12.1, 8.6],
			"to": [8.9, 10.9, 7.4],
			"light_emission": 15,
			"rotation": {"angle": 0, "axis": "y", "origin": [0, 0, 7.5]},
			"faces": {
				"north": {"uv": [2, 10.5, 2.5, 11], "texture": "#1"},
				"east": {"uv": [10, 10.5, 10.5, 11], "texture": "#1"},
				"south": {"uv": [11, 2, 11.5, 2.5], "texture": "#1"},
				"west": {"uv": [3, 11, 3.5, 11.5], "texture": "#1"},
				"up": {"uv": [11.5, 3.5, 11, 3], "texture": "#1"},
				"down": {"uv": [4.5, 11, 4, 11.5], "texture": "#1"}
			}
		},
		{
			"name": "enchanted_wooden_hoe_5_outline",
			"from": [10.1, 10.1, 8.6],
			"to": [8.9, 6.9, 7.4],
			"light_emission": 15,
			"rotation": {"angle": 0, "axis": "y", "origin": [0, 0, 7.5]},
			"faces": {
				"north": {"uv": [6, 3, 6.5, 4.5], "texture": "#1"},
				"east": {"uv": [5, 6, 5.5, 7.5], "texture": "#1"},
				"south": {"uv": [6, 5, 6.5, 6.5], "texture": "#1"},
				"west": {"uv": [7, 0, 7.5, 1.5], "texture": "#1"},
				"up": {"uv": [11.5, 4.5, 11, 4], "texture": "#1"},
				"down": {"uv": [11.5, 5, 11, 5.5], "texture": "#1"}
			}
		},
		{
			"name": "enchanted_wooden_hoe_6_outline",
			"from": [13.1, 10.1, 8.6],
			"to": [10.9, 8.9, 7.4],
			"light_emission": 15,
			"rotation": {"angle": 0, "axis": "y", "origin": [0, 0, 7.5]},
			"faces": {
				"north": {"uv": [0, 9.5, 1, 10], "texture": "#1"},
				"east": {"uv": [6, 11, 6.5, 11.5], "texture": "#1"},
				"south": {"uv": [1.5, 9.5, 2.5, 10], "texture": "#1"},
				"west": {"uv": [11, 6, 11.5, 6.5], "texture": "#1"},
				"up": {"uv": [11, 0.5, 10, 0], "texture": "#1"},
				"down": {"uv": [11, 1, 10, 1.5], "texture": "#1"}
			}
		},
		{
			"name": "enchanted_wooden_hoe_7_outline",
			"from": [9.1, 9.1, 8.6],
			"to": [7.9, 5.9, 7.4],
			"light_emission": 15,
			"rotation": {"angle": 0, "axis": "y", "origin": [0, 0, 7.5]},
			"faces": {
				"north": {"uv": [3, 7, 3.5, 8.5], "texture": "#1"},
				"east": {"uv": [7, 3, 7.5, 4.5], "texture": "#1"},
				"south": {"uv": [4, 7, 4.5, 8.5], "texture": "#1"},
				"west": {"uv": [7, 5, 7.5, 6.5], "texture": "#1"},
				"up": {"uv": [7.5, 11.5, 7, 11], "texture": "#1"},
				"down": {"uv": [11.5, 7, 11, 7.5], "texture": "#1"}
			}
		},
		{
			"name": "enchanted_wooden_hoe_8_outline",
			"from": [8.1, 8.1, 8.6],
			"to": [6.9, 4.9, 7.4],
			"light_emission": 15,
			"rotation": {"angle": 0, "axis": "y", "origin": [0, 0, 7.5]},
			"faces": {
				"north": {"uv": [6, 7, 6.5, 8.5], "texture": "#1"},
				"east": {"uv": [7, 7, 7.5, 8.5], "texture": "#1"},
				"south": {"uv": [0, 7.5, 0.5, 9], "texture": "#1"},
				"west": {"uv": [1, 7.5, 1.5, 9], "texture": "#1"},
				"up": {"uv": [8.5, 11.5, 8, 11], "texture": "#1"},
				"down": {"uv": [11.5, 8, 11, 8.5], "texture": "#1"}
			}
		},
		{
			"name": "enchanted_wooden_hoe_9_outline",
			"from": [7.1, 7.1, 8.6],
			"to": [5.9, 3.9, 7.4],
			"light_emission": 15,
			"rotation": {"angle": 0, "axis": "y", "origin": [0, 0, 7.5]},
			"faces": {
				"north": {"uv": [2, 7.5, 2.5, 9], "texture": "#1"},
				"east": {"uv": [8, 0, 8.5, 1.5], "texture": "#1"},
				"south": {"uv": [8, 2, 8.5, 3.5], "texture": "#1"},
				"west": {"uv": [8, 4, 8.5, 5.5], "texture": "#1"},
				"up": {"uv": [9.5, 11.5, 9, 11], "texture": "#1"},
				"down": {"uv": [11.5, 9, 11, 9.5], "texture": "#1"}
			}
		},
		{
			"name": "enchanted_wooden_hoe_10_outline",
			"from": [6.1, 6.1, 8.6],
			"to": [4.9, 2.9, 7.4],
			"light_emission": 15,
			"rotation": {"angle": 0, "axis": "y", "origin": [0, 0, 7.5]},
			"faces": {
				"north": {"uv": [5, 8, 5.5, 9.5], "texture": "#1"},
				"east": {"uv": [8, 6, 8.5, 7.5], "texture": "#1"},
				"south": {"uv": [8, 8, 8.5, 9.5], "texture": "#1"},
				"west": {"uv": [9, 0, 9.5, 1.5], "texture": "#1"},
				"up": {"uv": [11.5, 10.5, 11, 10], "texture": "#1"},
				"down": {"uv": [11.5, 11, 11, 11.5], "texture": "#1"}
			}
		},
		{
			"name": "enchanted_wooden_hoe_11_outline",
			"from": [5.1, 5.1, 8.6],
			"to": [3.9, 1.9, 7.4],
			"light_emission": 15,
			"rotation": {"angle": 0, "axis": "y", "origin": [0, 0, 7.5]},
			"faces": {
				"north": {"uv": [9, 2, 9.5, 3.5], "texture": "#1"},
				"east": {"uv": [3, 9, 3.5, 10.5], "texture": "#1"},
				"south": {"uv": [4, 9, 4.5, 10.5], "texture": "#1"},
				"west": {"uv": [9, 4, 9.5, 5.5], "texture": "#1"},
				"up": {"uv": [0.5, 12, 0, 11.5], "texture": "#1"},
				"down": {"uv": [12, 0, 11.5, 0.5], "texture": "#1"}
			}
		},
		{
			"name": "enchanted_wooden_hoe_12_outline",
			"from": [4.1, 4.1, 8.6],
			"to": [2.9, 0.9, 7.4],
			"light_emission": 15,
			"rotation": {"angle": 0, "axis": "y", "origin": [0, 0, 7.5]},
			"faces": {
				"north": {"uv": [6, 9, 6.5, 10.5], "texture": "#1"},
				"east": {"uv": [9, 6, 9.5, 7.5], "texture": "#1"},
				"south": {"uv": [7, 9, 7.5, 10.5], "texture": "#1"},
				"west": {"uv": [9, 8, 9.5, 9.5], "texture": "#1"},
				"up": {"uv": [1.5, 12, 1, 11.5], "texture": "#1"},
				"down": {"uv": [12, 1, 11.5, 1.5], "texture": "#1"}
			}
		},
		{
			"name": "enchanted_wooden_hoe_13_outline",
			"from": [3.1, 3.1, 8.6],
			"to": [1.9, 0.9, 7.4],
			"light_emission": 15,
			"rotation": {"angle": 0, "axis": "y", "origin": [0, 0, 7.5]},
			"faces": {
				"north": {"uv": [10, 2, 10.5, 3], "texture": "#1"},
				"east": {"uv": [10, 3.5, 10.5, 4.5], "texture": "#1"},
				"south": {"uv": [5, 10, 5.5, 11], "texture": "#1"},
				"west": {"uv": [10, 5, 10.5, 6], "texture": "#1"},
				"up": {"uv": [2.5, 12, 2, 11.5], "texture": "#1"},
				"down": {"uv": [5.5, 11.5, 5, 12], "texture": "#1"}
			}
		}
	],
	"display": {
		"thirdperson_righthand": {
			"rotation": [0, -90, 55],
			"translation": [0, 4, 0.5],
			"scale": [0.85, 0.85, 0.85]
		},
		"thirdperson_lefthand": {
			"rotation": [0, 90, -55],
			"translation": [0, 4, 0.5],
			"scale": [0.85, 0.85, 0.85]
		},
		"firstperson_righthand": {
			"rotation": [0, -90, 25],
			"translation": [1.13, 3.2, 1.13],
			"scale": [0.68, 0.68, 0.68]
		},
		"firstperson_lefthand": {
			"rotation": [0, 90, -25],
			"translation": [1.13, 3.2, 1.13],
			"scale": [0.68, 0.68, 0.68]
		},
		"ground": {
			"translation": [0, 2, 0],
			"scale": [0.5, 0.5, 0.5]
		},
		"fixed": {
			"rotation": [0, -180, 0]
		}
	},
	"groups": [
		{
			"name": "enchanted_wooden_hoe",
			"origin": [8, 8, 8],
			"color": 0,
			"children": [0, 1, 2, 3, 4, 5, 6, 7, 8, 9, 10, 11, 12, 13]
		},
		{
			"name": "outline",
			"origin": [0, 0, 7.5],
			"color": 0,
			"children": [14, 15, 16, 17, 18, 19, 20, 21, 22, 23, 24, 25, 26, 27]
		}
	]
}