{
	"format_version": "1.21.6",
	"credit": "Made with Blockbench",
	"texture_size": [64, 64],
	"textures": {
		"0": "arsenal:item/scythe",
		"particle": "arsenal:item/scythe"
	},
	"elements": [
		{
			"from": [6.5, 16, 8],
			"to": [9.5, 20, 11],
			"rotation": {"angle": 0, "axis": "y", "origin": [6.5, 16, 8]},
			"faces": {
				"north": {"uv": [0.5, 5, 1.25, 6], "texture": "#0"},
				"east": {"uv": [1.25, 5, 2, 6], "texture": "#0"},
				"south": {"uv": [2, 5, 2.75, 6], "texture": "#0"},
				"west": {"uv": [2.75, 5, 3.5, 6], "texture": "#0"},
				"up": {"uv": [6.25, 1.5, 5.5, 0.75], "texture": "#0"},
				"down": {"uv": [6.25, 1.5, 5.5, 2.25], "texture": "#0"}
			}
		},
		{
			"from": [8, 7.75, -1.5],
			"to": [8, 17.75, 16.5],
			"rotation": {"angle": -45, "axis": "x", "origin": [8, 9.75, 2.5]},
			"faces": {
				"north": {"uv": [0, 0, 0, 2.5], "texture": "#0"},
				"east": {"uv": [0, 0, 4.5, 2.5], "texture": "#0"},
				"south": {"uv": [0, 0, 0, 2.5], "texture": "#0"},
				"west": {"uv": [0, 2.5, 4.5, 5], "texture": "#0"},
				"up": {"uv": [0, 4.5, 0, 0], "texture": "#0"},
				"down": {"uv": [0, 0, 0, 4.5], "texture": "#0"}
			}
		},
		{
			"from": [6.75, 0, 7.75],
			"to": [9.25, 3, 10.25],
			"rotation": {"angle": 0, "axis": "y", "origin": [6.75, 0, 7.75]},
			"faces": {
				"north": {"uv": [0.5, 6, 1.125, 6.75], "texture": "#0"},
				"east": {"uv": [0.5, 6, 1.125, 6.75], "texture": "#0"},
				"south": {"uv": [0.5, 6, 1.125, 6.75], "texture": "#0"},
				"west": {"uv": [0.5, 6, 1.125, 6.75], "texture": "#0"},
				"up": {"uv": [0.5, 6, 1.125, 6.625], "texture": "#0"},
				"down": {"uv": [0.5, 6, 1.125, 6.625], "texture": "#0"}
			}
		},
		{
			"from": [7, 2.5, 8],
			"to": [9, 9.5, 10],
			"rotation": {"angle": 0, "axis": "y", "origin": [7, 2.5, 8]},
			"faces": {
				"north": {"uv": [4.5, 2.5, 5, 4], "texture": "#0"},
				"east": {"uv": [4.5, 6.5, 5, 8], "texture": "#0"},
				"south": {"uv": [0, 7.5, 0.5, 9], "texture": "#0"},
				"west": {"uv": [5, 2.5, 5.5, 4], "texture": "#0"},
				"up": {"uv": [5.5, 5.5, 6, 6], "texture": "#0"},
				"down": {"uv": [5.5, 5.5, 6, 6], "texture": "#0"}
			}
		},
		{
			"from": [7.001, 6.5, 9],
			"to": [8.991, 13.5, 11],
			"rotation": {"angle": 0, "axis": "y", "origin": [6.9, 6.5, 9]},
			"faces": {
				"north": {"uv": [4.5, 1.5, 4.9975, 3.25], "texture": "#0"},
				"east": {"uv": [4.5, 5.5, 5, 7.25], "texture": "#0"},
				"south": {"uv": [0, 6.5, 0.4975, 8.25], "texture": "#0"},
				"west": {"uv": [5, 1.5, 5.5, 3.25], "texture": "#0"},
				"up": {"uv": [5.5, 5.5, 5.9975, 6], "texture": "#0"},
				"down": {"uv": [5.5, 5.5, 5.9975, 6], "texture": "#0"}
			}
		},
		{
			"from": [7, 13.5, 8.5],
			"to": [9, 20.5, 10.5],
			"rotation": {"angle": 0, "axis": "y", "origin": [7, 13.5, 8.5]},
			"faces": {
				"north": {"uv": [4.5, 0, 5, 1.75], "texture": "#0"},
				"east": {"uv": [4.5, 4, 5, 5.75], "texture": "#0"},
				"south": {"uv": [0, 5, 0.5, 6.75], "texture": "#0"},
				"west": {"uv": [5, 0, 5.5, 1.75], "texture": "#0"},
				"up": {"uv": [5, 5.5, 5.5, 6], "texture": "#0"},
				"down": {"uv": [0, 0, 0.5, 0.5], "texture": "#0"}
			}
		}
	],
	"display": {
		"thirdperson_righthand": {
			"translation": [0, 1, 0.5],
			"scale": [1, 1.3, 1.3]
		},
		"thirdperson_lefthand": {
			"translation": [0, 1, 0.5],
			"scale": [1, 1.3, 1.3]
		},
		"firstperson_righthand": {
			"rotation": [22.5, 0, 0],
			"translation": [0.75, 0.25, -0.5]
		},
		"firstperson_lefthand": {
			"rotation": [22.5, 0, 0],
			"translation": [0.75, 0.25, -0.5]
		},
		"ground": {
			"rotation": [45, 0, 0],
			"translation": [0, 0, -2.75],
			"scale": [0.5, 0.5, 0.5]
		},
		"gui": {
			"rotation": [90, 45, -90],
			"translation": [-2.5, 1.75, 0],
			"scale": [0.75, 0.75, 0.75]
		},
		"fixed": {
			"rotation": [90, -45, 90],
			"translation": [1, -1.75, 0],
			"scale": [0.5, 0.8, 0.8]
		}
	},
	"groups": [
		{
			"name": "bone",
			"origin": [8, 8, 8],
			"color": 0,
			"children": [0, 1, 2, 3, 4, 5]
		}
	]
}