{
	"format_version": "1.21.6",
	"credit": "Made with Blockbench",
	"texture_size": [32, 32],
	"textures": {
		"0": "item/thirdperson/enchanted_fishing_rod",
		"1": "item/thirdperson/rod_outline",
		"particle": "item/thirdperson/enchanted_fishing_rod"
	},
	"elements": [
		{
			"name": "enchanted_fishing_rod_0",
			"from": [13, 11, 7.5],
			"to": [15, 15, 8.5],
			"light_emission": 15,
			"rotation": {"angle": 0, "axis": "x", "origin": [8.5, 7.25, 8]},
			"faces": {
				"north": {"uv": [15, 1, 13, 5], "texture": "#0"},
				"east": {"uv": [14, 1, 15, 5], "texture": "#0"},
				"south": {"uv": [13, 1, 15, 5], "texture": "#0"},
				"west": {"uv": [13, 1, 14, 5], "texture": "#0"},
				"up": {"uv": [13, 1, 15, 2], "texture": "#0"},
				"down": {"uv": [13, 4, 15, 5], "texture": "#0"}
			}
		},
		{
			"name": "enchanted_fishing_rod_1",
			"from": [12, 10, 7.5],
			"to": [13, 14, 8.5],
			"light_emission": 15,
			"rotation": {"angle": 0, "axis": "x", "origin": [8.5, 7.25, 8]},
			"faces": {
				"north": {"uv": [13, 2, 12, 6], "texture": "#0"},
				"east": {"uv": [12, 2, 13, 6], "texture": "#0"},
				"south": {"uv": [12, 2, 13, 6], "texture": "#0"},
				"west": {"uv": [12, 2, 13, 6], "texture": "#0"},
				"up": {"uv": [12, 2, 13, 3], "texture": "#0"},
				"down": {"uv": [12, 5, 13, 6], "texture": "#0"}
			}
		},
		{
			"name": "enchanted_fishing_rod_2",
			"from": [11, 9, 7.5],
			"to": [12, 13, 8.5],
			"light_emission": 15,
			"rotation": {"angle": 0, "axis": "x", "origin": [8.5, 7.25, 8]},
			"faces": {
				"north": {"uv": [12, 3, 11, 7], "texture": "#0"},
				"east": {"uv": [11, 3, 12, 7], "texture": "#0"},
				"south": {"uv": [11, 3, 12, 7], "texture": "#0"},
				"west": {"uv": [11, 3, 12, 7], "texture": "#0"},
				"up": {"uv": [11, 3, 12, 4], "texture": "#0"},
				"down": {"uv": [11, 6, 12, 7], "texture": "#0"}
			}
		},
		{
			"name": "enchanted_fishing_rod_3",
			"from": [10, 8, 7.5],
			"to": [11, 12, 8.5],
			"light_emission": 15,
			"rotation": {"angle": 0, "axis": "x", "origin": [8.5, 7.25, 8]},
			"faces": {
				"north": {"uv": [11, 4, 10, 8], "texture": "#0"},
				"east": {"uv": [10, 4, 11, 8], "texture": "#0"},
				"south": {"uv": [10, 4, 11, 8], "texture": "#0"},
				"west": {"uv": [10, 4, 11, 8], "texture": "#0"},
				"up": {"uv": [10, 4, 11, 5], "texture": "#0"},
				"down": {"uv": [10, 7, 11, 8], "texture": "#0"}
			}
		},
		{
			"name": "enchanted_fishing_rod_4",
			"from": [9, 7, 7.5],
			"to": [10, 11, 8.5],
			"light_emission": 15,
			"rotation": {"angle": 0, "axis": "x", "origin": [8.5, 7.25, 8]},
			"faces": {
				"north": {"uv": [10, 5, 9, 9], "texture": "#0"},
				"east": {"uv": [9, 5, 10, 9], "texture": "#0"},
				"south": {"uv": [9, 5, 10, 9], "texture": "#0"},
				"west": {"uv": [9, 5, 10, 9], "texture": "#0"},
				"up": {"uv": [9, 5, 10, 6], "texture": "#0"},
				"down": {"uv": [9, 8, 10, 9], "texture": "#0"}
			}
		},
		{
			"name": "enchanted_fishing_rod_5",
			"from": [14, 6, 7.5],
			"to": [15, 11, 8.5],
			"light_emission": 15,
			"rotation": {"angle": 0, "axis": "x", "origin": [8.5, 7.25, 8]},
			"faces": {
				"north": {"uv": [15, 5, 14, 10], "texture": "#0"},
				"east": {"uv": [14, 5, 15, 10], "texture": "#0"},
				"south": {"uv": [14, 5, 15, 10], "texture": "#0"},
				"west": {"uv": [14, 5, 15, 10], "texture": "#0"},
				"up": {"uv": [14, 5, 15, 6], "texture": "#0"},
				"down": {"uv": [14, 9, 15, 10], "texture": "#0"}
			}
		},
		{
			"name": "enchanted_fishing_rod_6",
			"from": [8, 6, 7.5],
			"to": [9, 10, 8.5],
			"light_emission": 15,
			"rotation": {"angle": 0, "axis": "x", "origin": [8.5, 7.25, 8]},
			"faces": {
				"north": {"uv": [9, 6, 8, 10], "texture": "#0"},
				"east": {"uv": [8, 6, 9, 10], "texture": "#0"},
				"south": {"uv": [8, 6, 9, 10], "texture": "#0"},
				"west": {"uv": [8, 6, 9, 10], "texture": "#0"},
				"up": {"uv": [8, 6, 9, 7], "texture": "#0"},
				"down": {"uv": [8, 9, 9, 10], "texture": "#0"}
			}
		},
		{
			"name": "enchanted_fishing_rod_7",
			"from": [7, 2, 7.5],
			"to": [8, 9, 8.5],
			"light_emission": 15,
			"rotation": {"angle": 0, "axis": "x", "origin": [8.5, 7.25, 8]},
			"faces": {
				"north": {"uv": [8, 7, 7, 14], "texture": "#0"},
				"east": {"uv": [7, 7, 8, 14], "texture": "#0"},
				"south": {"uv": [7, 7, 8, 14], "texture": "#0"},
				"west": {"uv": [7, 7, 8, 14], "texture": "#0"},
				"up": {"uv": [7, 7, 8, 8], "texture": "#0"},
				"down": {"uv": [7, 13, 8, 14], "texture": "#0"}
			}
		},
		{
			"name": "enchanted_fishing_rod_8",
			"from": [6, 2, 7.5],
			"to": [7, 8, 8.5],
			"light_emission": 15,
			"rotation": {"angle": 0, "axis": "x", "origin": [8.5, 7.25, 8]},
			"faces": {
				"north": {"uv": [7, 8, 6, 14], "texture": "#0"},
				"east": {"uv": [6, 8, 7, 14], "texture": "#0"},
				"south": {"uv": [6, 8, 7, 14], "texture": "#0"},
				"west": {"uv": [6, 8, 7, 14], "texture": "#0"},
				"up": {"uv": [6, 8, 7, 9], "texture": "#0"},
				"down": {"uv": [6, 13, 7, 14], "texture": "#0"}
			}
		},
		{
			"name": "enchanted_fishing_rod_9",
			"from": [5, 3, 7.5],
			"to": [6, 7, 8.5],
			"light_emission": 15,
			"rotation": {"angle": 0, "axis": "x", "origin": [8.5, 7.25, 8]},
			"faces": {
				"north": {"uv": [6, 9, 5, 13], "texture": "#0"},
				"east": {"uv": [5, 9, 6, 13], "texture": "#0"},
				"south": {"uv": [5, 9, 6, 13], "texture": "#0"},
				"west": {"uv": [5, 9, 6, 13], "texture": "#0"},
				"up": {"uv": [5, 9, 6, 10], "texture": "#0"},
				"down": {"uv": [5, 12, 6, 13], "texture": "#0"}
			}
		},
		{
			"name": "enchanted_fishing_rod_10",
			"from": [13, 4, 7.5],
			"to": [14, 6, 8.5],
			"light_emission": 15,
			"rotation": {"angle": 0, "axis": "x", "origin": [8.5, 7.25, 8]},
			"faces": {
				"north": {"uv": [14, 10, 13, 12], "texture": "#0"},
				"east": {"uv": [13, 10, 14, 12], "texture": "#0"},
				"south": {"uv": [13, 10, 14, 12], "texture": "#0"},
				"west": {"uv": [13, 10, 14, 12], "texture": "#0"},
				"up": {"uv": [13, 10, 14, 11], "texture": "#0"},
				"down": {"uv": [13, 11, 14, 12], "texture": "#0"}
			}
		},
		{
			"name": "enchanted_fishing_rod_11",
			"from": [4, 2, 7.5],
			"to": [5, 5, 8.5],
			"light_emission": 15,
			"rotation": {"angle": 0, "axis": "x", "origin": [8.5, 7.25, 8]},
			"faces": {
				"north": {"uv": [5, 11, 4, 14], "texture": "#0"},
				"east": {"uv": [4, 11, 5, 14], "texture": "#0"},
				"south": {"uv": [4, 11, 5, 14], "texture": "#0"},
				"west": {"uv": [4, 11, 5, 14], "texture": "#0"},
				"up": {"uv": [4, 11, 5, 12], "texture": "#0"},
				"down": {"uv": [4, 13, 5, 14], "texture": "#0"}
			}
		},
		{
			"name": "enchanted_fishing_rod_12",
			"from": [8, 3, 7.5],
			"to": [9, 5, 8.5],
			"light_emission": 15,
			"rotation": {"angle": 0, "axis": "x", "origin": [8.5, 7.25, 8]},
			"faces": {
				"north": {"uv": [9, 11, 8, 13], "texture": "#0"},
				"east": {"uv": [8, 11, 9, 13], "texture": "#0"},
				"south": {"uv": [8, 11, 9, 13], "texture": "#0"},
				"west": {"uv": [8, 11, 9, 13], "texture": "#0"},
				"up": {"uv": [8, 11, 9, 12], "texture": "#0"},
				"down": {"uv": [8, 12, 9, 13], "texture": "#0"}
			}
		},
		{
			"name": "enchanted_fishing_rod_13",
			"from": [3, 1, 7.5],
			"to": [4, 4, 8.5],
			"light_emission": 15,
			"rotation": {"angle": 0, "axis": "x", "origin": [8.5, 7.25, 8]},
			"faces": {
				"north": {"uv": [4, 12, 3, 15], "texture": "#0"},
				"east": {"uv": [3, 12, 4, 15], "texture": "#0"},
				"south": {"uv": [3, 12, 4, 15], "texture": "#0"},
				"west": {"uv": [3, 12, 4, 15], "texture": "#0"},
				"up": {"uv": [3, 12, 4, 13], "texture": "#0"},
				"down": {"uv": [3, 14, 4, 15], "texture": "#0"}
			}
		},
		{
			"name": "enchanted_fishing_rod_14",
			"from": [12, 2, 7.5],
			"to": [13, 4, 8.5],
			"light_emission": 15,
			"rotation": {"angle": 0, "axis": "x", "origin": [8.5, 7.25, 8]},
			"faces": {
				"north": {"uv": [13, 12, 12, 14], "texture": "#0"},
				"east": {"uv": [12, 12, 13, 14], "texture": "#0"},
				"south": {"uv": [12, 12, 13, 14], "texture": "#0"},
				"west": {"uv": [12, 12, 13, 14], "texture": "#0"},
				"up": {"uv": [12, 12, 13, 13], "texture": "#0"},
				"down": {"uv": [12, 13, 13, 14], "texture": "#0"}
			}
		},
		{
			"name": "enchanted_fishing_rod_15",
			"from": [2, 1, 7.5],
			"to": [3, 3, 8.5],
			"light_emission": 15,
			"rotation": {"angle": 0, "axis": "x", "origin": [8.5, 7.25, 8]},
			"faces": {
				"north": {"uv": [3, 13, 2, 15], "texture": "#0"},
				"east": {"uv": [2, 13, 3, 15], "texture": "#0"},
				"south": {"uv": [2, 13, 3, 15], "texture": "#0"},
				"west": {"uv": [2, 13, 3, 15], "texture": "#0"},
				"up": {"uv": [2, 13, 3, 14], "texture": "#0"},
				"down": {"uv": [2, 14, 3, 15], "texture": "#0"}
			}
		},
		{
			"name": "enchanted_fishing_rod_16",
			"from": [10, 1, 7.5],
			"to": [11, 3, 8.5],
			"light_emission": 15,
			"rotation": {"angle": 0, "axis": "x", "origin": [8.5, 7.25, 8]},
			"faces": {
				"north": {"uv": [11, 13, 10, 15], "texture": "#0"},
				"east": {"uv": [10, 13, 11, 15], "texture": "#0"},
				"south": {"uv": [10, 13, 11, 15], "texture": "#0"},
				"west": {"uv": [10, 13, 11, 15], "texture": "#0"},
				"up": {"uv": [10, 13, 11, 14], "texture": "#0"},
				"down": {"uv": [10, 14, 11, 15], "texture": "#0"}
			}
		},
		{
			"name": "enchanted_fishing_rod_17",
			"from": [11, 1, 7.5],
			"to": [12, 2, 8.5],
			"light_emission": 15,
			"rotation": {"angle": 0, "axis": "x", "origin": [8.5, 7.25, 8]},
			"faces": {
				"north": {"uv": [12, 14, 11, 15], "texture": "#0"},
				"east": {"uv": [11, 14, 12, 15], "texture": "#0"},
				"south": {"uv": [11, 14, 12, 15], "texture": "#0"},
				"west": {"uv": [11, 14, 12, 15], "texture": "#0"},
				"up": {"uv": [11, 14, 12, 15], "texture": "#0"},
				"down": {"uv": [11, 14, 12, 15], "texture": "#0"}
			}
		},
		{
			"name": "enchanted_fishing_rod_0_outline",
			"from": [15.1, 15.1, 8.6],
			"to": [12.9, 10.9, 7.4],
			"light_emission": 15,
			"rotation": {"angle": 0, "axis": "x", "origin": [8.5, 7.25, 8]},
			"faces": {
				"north": {"uv": [0, 0, 1, 2], "texture": "#1"},
				"east": {"uv": [4, 0, 4.5, 2], "texture": "#1"},
				"south": {"uv": [1, 0, 2, 2], "texture": "#1"},
				"west": {"uv": [4, 2, 4.5, 4], "texture": "#1"},
				"up": {"uv": [8, 2, 7, 1.5], "texture": "#1"},
				"down": {"uv": [8, 2, 7, 2.5], "texture": "#1"}
			}
		},
		{
			"name": "enchanted_fishing_rod_1_outline",
			"from": [13.1, 14.1, 8.6],
			"to": [11.9, 9.9, 7.4],
			"light_emission": 15,
			"rotation": {"angle": 0, "axis": "x", "origin": [8.5, 7.25, 8]},
			"faces": {
				"north": {"uv": [4, 4, 4.5, 6], "texture": "#1"},
				"east": {"uv": [4.5, 0, 5, 2], "texture": "#1"},
				"south": {"uv": [4.5, 2, 5, 4], "texture": "#1"},
				"west": {"uv": [4.5, 4, 5, 6], "texture": "#1"},
				"up": {"uv": [8, 1.5, 7.5, 1], "texture": "#1"},
				"down": {"uv": [7.5, 7.5, 7, 8], "texture": "#1"}
			}
		},
		{
			"name": "enchanted_fishing_rod_2_outline",
			"from": [12.1, 13.1, 8.6],
			"to": [10.9, 8.9, 7.4],
			"light_emission": 15,
			"rotation": {"angle": 0, "axis": "x", "origin": [8.5, 7.25, 8]},
			"faces": {
				"north": {"uv": [5, 0, 5.5, 2], "texture": "#1"},
				"east": {"uv": [1.5, 5, 2, 7], "texture": "#1"},
				"south": {"uv": [5, 2, 5.5, 4], "texture": "#1"},
				"west": {"uv": [3.5, 5, 4, 7], "texture": "#1"},
				"up": {"uv": [8, 8, 7.5, 7.5], "texture": "#1"},
				"down": {"uv": [8.5, 0, 8, 0.5], "texture": "#1"}
			}
		},
		{
			"name": "enchanted_fishing_rod_3_outline",
			"from": [11.1, 12.1, 8.6],
			"to": [9.9, 7.9, 7.4],
			"light_emission": 15,
			"rotation": {"angle": 0, "axis": "x", "origin": [8.5, 7.25, 8]},
			"faces": {
				"north": {"uv": [5, 4, 5.5, 6], "texture": "#1"},
				"east": {"uv": [0, 5.5, 0.5, 7.5], "texture": "#1"},
				"south": {"uv": [5.5, 0, 6, 2], "texture": "#1"},
				"west": {"uv": [0.5, 5.5, 1, 7.5], "texture": "#1"},
				"up": {"uv": [8.5, 1, 8, 0.5], "texture": "#1"},
				"down": {"uv": [8.5, 1, 8, 1.5], "texture": "#1"}
			}
		},
		{
			"name": "enchanted_fishing_rod_4_outline",
			"from": [10.1, 11.1, 8.6],
			"to": [8.9, 6.9, 7.4],
			"light_emission": 15,
			"rotation": {"angle": 0, "axis": "x", "origin": [8.5, 7.25, 8]},
			"faces": {
				"north": {"uv": [1, 5.5, 1.5, 7.5], "texture": "#1"},
				"east": {"uv": [5.5, 2, 6, 4], "texture": "#1"},
				"south": {"uv": [3, 5.5, 3.5, 7.5], "texture": "#1"},
				"west": {"uv": [5.5, 4, 6, 6], "texture": "#1"},
				"up": {"uv": [2, 8.5, 1.5, 8], "texture": "#1"},
				"down": {"uv": [8.5, 1.5, 8, 2], "texture": "#1"}
			}
		},
		{
			"name": "enchanted_fishing_rod_5_outline",
			"from": [15.1, 11.1, 8.6],
			"to": [13.9, 5.9, 7.4],
			"light_emission": 15,
			"rotation": {"angle": 0, "axis": "x", "origin": [8.5, 7.25, 8]},
			"faces": {
				"north": {"uv": [3, 3, 3.5, 5.5], "texture": "#1"},
				"east": {"uv": [3.5, 0, 4, 2.5], "texture": "#1"},
				"south": {"uv": [2, 3.5, 2.5, 6], "texture": "#1"},
				"west": {"uv": [3.5, 2.5, 4, 5], "texture": "#1"},
				"up": {"uv": [2.5, 8.5, 2, 8], "texture": "#1"},
				"down": {"uv": [8.5, 2, 8, 2.5], "texture": "#1"}
			}
		},
		{
			"name": "enchanted_fishing_rod_6_outline",
			"from": [9.1, 10.1, 8.6],
			"to": [7.9, 5.9, 7.4],
			"light_emission": 15,
			"rotation": {"angle": 0, "axis": "x", "origin": [8.5, 7.25, 8]},
			"faces": {
				"north": {"uv": [6, 0, 6.5, 2], "texture": "#1"},
				"east": {"uv": [2, 6, 2.5, 8], "texture": "#1"},
				"south": {"uv": [6, 2, 6.5, 4], "texture": "#1"},
				"west": {"uv": [2.5, 6, 3, 8], "texture": "#1"},
				"up": {"uv": [3, 8.5, 2.5, 8], "texture": "#1"},
				"down": {"uv": [8.5, 2.5, 8, 3], "texture": "#1"}
			}
		},
		{
			"name": "enchanted_fishing_rod_7_outline",
			"from": [8.1, 9.1, 8.6],
			"to": [6.9, 1.9, 7.4],
			"light_emission": 15,
			"rotation": {"angle": 0, "axis": "x", "origin": [8.5, 7.25, 8]},
			"faces": {
				"north": {"uv": [0, 2, 0.5, 5.5], "texture": "#1"},
				"east": {"uv": [2, 0, 2.5, 3.5], "texture": "#1"},
				"south": {"uv": [0.5, 2, 1, 5.5], "texture": "#1"},
				"west": {"uv": [1, 2, 1.5, 5.5], "texture": "#1"},
				"up": {"uv": [8.5, 3.5, 8, 3], "texture": "#1"},
				"down": {"uv": [4, 8, 3.5, 8.5], "texture": "#1"}
			}
		},
		{
			"name": "enchanted_fishing_rod_8_outline",
			"from": [7.1, 8.1, 8.6],
			"to": [5.9, 1.9, 7.4],
			"light_emission": 15,
			"rotation": {"angle": 0, "axis": "x", "origin": [8.5, 7.25, 8]},
			"faces": {
				"north": {"uv": [1.5, 2, 2, 5], "texture": "#1"},
				"east": {"uv": [2.5, 0, 3, 3], "texture": "#1"},
				"south": {"uv": [3, 0, 3.5, 3], "texture": "#1"},
				"west": {"uv": [2.5, 3, 3, 6], "texture": "#1"},
				"up": {"uv": [8.5, 4, 8, 3.5], "texture": "#1"},
				"down": {"uv": [4.5, 8, 4, 8.5], "texture": "#1"}
			}
		},
		{
			"name": "enchanted_fishing_rod_9_outline",
			"from": [6.1, 7.1, 8.6],
			"to": [4.9, 2.9, 7.4],
			"light_emission": 15,
			"rotation": {"angle": 0, "axis": "x", "origin": [8.5, 7.25, 8]},
			"faces": {
				"north": {"uv": [4, 6, 4.5, 8], "texture": "#1"},
				"east": {"uv": [6, 4, 6.5, 6], "texture": "#1"},
				"south": {"uv": [4.5, 6, 5, 8], "texture": "#1"},
				"west": {"uv": [5, 6, 5.5, 8], "texture": "#1"},
				"up": {"uv": [8.5, 4.5, 8, 4], "texture": "#1"},
				"down": {"uv": [5, 8, 4.5, 8.5], "texture": "#1"}
			}
		},
		{
			"name": "enchanted_fishing_rod_10_outline",
			"from": [14.1, 6.1, 8.6],
			"to": [12.9, 3.9, 7.4],
			"light_emission": 15,
			"rotation": {"angle": 0, "axis": "x", "origin": [8.5, 7.25, 8]},
			"faces": {
				"north": {"uv": [1.5, 7, 2, 8], "texture": "#1"},
				"east": {"uv": [7, 2.5, 7.5, 3.5], "texture": "#1"},
				"south": {"uv": [3.5, 7, 4, 8], "texture": "#1"},
				"west": {"uv": [7, 3.5, 7.5, 4.5], "texture": "#1"},
				"up": {"uv": [8.5, 5, 8, 4.5], "texture": "#1"},
				"down": {"uv": [5.5, 8, 5, 8.5], "texture": "#1"}
			}
		},
		{
			"name": "enchanted_fishing_rod_11_outline",
			"from": [5.1, 5.1, 8.6],
			"to": [3.9, 1.9, 7.4],
			"light_emission": 15,
			"rotation": {"angle": 0, "axis": "x", "origin": [8.5, 7.25, 8]},
			"faces": {
				"north": {"uv": [5.5, 6, 6, 7.5], "texture": "#1"},
				"east": {"uv": [6, 6, 6.5, 7.5], "texture": "#1"},
				"south": {"uv": [6.5, 0, 7, 1.5], "texture": "#1"},
				"west": {"uv": [6.5, 1.5, 7, 3], "texture": "#1"},
				"up": {"uv": [8.5, 5.5, 8, 5], "texture": "#1"},
				"down": {"uv": [8.5, 5.5, 8, 6], "texture": "#1"}
			}
		},
		{
			"name": "enchanted_fishing_rod_12_outline",
			"from": [9.1, 5.1, 8.6],
			"to": [7.9, 2.9, 7.4],
			"light_emission": 15,
			"rotation": {"angle": 0, "axis": "x", "origin": [8.5, 7.25, 8]},
			"faces": {
				"north": {"uv": [7, 4.5, 7.5, 5.5], "texture": "#1"},
				"east": {"uv": [7, 5.5, 7.5, 6.5], "texture": "#1"},
				"south": {"uv": [7, 6.5, 7.5, 7.5], "texture": "#1"},
				"west": {"uv": [0, 7.5, 0.5, 8.5], "texture": "#1"},
				"up": {"uv": [8.5, 6.5, 8, 6], "texture": "#1"},
				"down": {"uv": [8.5, 6.5, 8, 7], "texture": "#1"}
			}
		},
		{
			"name": "enchanted_fishing_rod_13_outline",
			"from": [4.1, 4.1, 8.6],
			"to": [2.9, 0.9, 7.4],
			"light_emission": 15,
			"rotation": {"angle": 0, "axis": "x", "origin": [8.5, 7.25, 8]},
			"faces": {
				"north": {"uv": [6.5, 3, 7, 4.5], "texture": "#1"},
				"east": {"uv": [6.5, 4.5, 7, 6], "texture": "#1"},
				"south": {"uv": [6.5, 6, 7, 7.5], "texture": "#1"},
				"west": {"uv": [7, 0, 7.5, 1.5], "texture": "#1"},
				"up": {"uv": [7.5, 8.5, 7, 8], "texture": "#1"},
				"down": {"uv": [8.5, 7, 8, 7.5], "texture": "#1"}
			}
		},
		{
			"name": "enchanted_fishing_rod_14_outline",
			"from": [13.1, 4.1, 8.6],
			"to": [11.9, 1.9, 7.4],
			"light_emission": 15,
			"rotation": {"angle": 0, "axis": "x", "origin": [8.5, 7.25, 8]},
			"faces": {
				"north": {"uv": [7.5, 0, 8, 1], "texture": "#1"},
				"east": {"uv": [0.5, 7.5, 1, 8.5], "texture": "#1"},
				"south": {"uv": [1, 7.5, 1.5, 8.5], "texture": "#1"},
				"west": {"uv": [7.5, 2.5, 8, 3.5], "texture": "#1"},
				"up": {"uv": [8, 8.5, 7.5, 8], "texture": "#1"},
				"down": {"uv": [8.5, 7.5, 8, 8], "texture": "#1"}
			}
		},
		{
			"name": "enchanted_fishing_rod_15_outline",
			"from": [3.1, 3.1, 8.6],
			"to": [1.9, 0.9, 7.4],
			"light_emission": 15,
			"rotation": {"angle": 0, "axis": "x", "origin": [8.5, 7.25, 8]},
			"faces": {
				"north": {"uv": [3, 7.5, 3.5, 8.5], "texture": "#1"},
				"east": {"uv": [7.5, 3.5, 8, 4.5], "texture": "#1"},
				"south": {"uv": [7.5, 4.5, 8, 5.5], "texture": "#1"},
				"west": {"uv": [5.5, 7.5, 6, 8.5], "texture": "#1"},
				"up": {"uv": [8.5, 8.5, 8, 8], "texture": "#1"},
				"down": {"uv": [0.5, 8.5, 0, 9], "texture": "#1"}
			}
		},
		{
			"name": "enchanted_fishing_rod_16_outline",
			"from": [11.1, 3.1, 8.6],
			"to": [9.9, 0.9, 7.4],
			"light_emission": 15,
			"rotation": {"angle": 0, "axis": "x", "origin": [8.5, 7.25, 8]},
			"faces": {
				"north": {"uv": [7.5, 5.5, 8, 6.5], "texture": "#1"},
				"east": {"uv": [6, 7.5, 6.5, 8.5], "texture": "#1"},
				"south": {"uv": [6.5, 7.5, 7, 8.5], "texture": "#1"},
				"west": {"uv": [7.5, 6.5, 8, 7.5], "texture": "#1"},
				"up": {"uv": [9, 0.5, 8.5, 0], "texture": "#1"},
				"down": {"uv": [1, 8.5, 0.5, 9], "texture": "#1"}
			}
		},
		{
			"name": "enchanted_fishing_rod_17_outline",
			"from": [12.1, 2.1, 8.6],
			"to": [10.9, 0.9, 7.4],
			"light_emission": 15,
			"rotation": {"angle": 0, "axis": "x", "origin": [8.5, 7.25, 8]},
			"faces": {
				"north": {"uv": [8.5, 0.5, 9, 1], "texture": "#1"},
				"east": {"uv": [1, 8.5, 1.5, 9], "texture": "#1"},
				"south": {"uv": [8.5, 1, 9, 1.5], "texture": "#1"},
				"west": {"uv": [1.5, 8.5, 2, 9], "texture": "#1"},
				"up": {"uv": [9, 2, 8.5, 1.5], "texture": "#1"},
				"down": {"uv": [2.5, 8.5, 2, 9], "texture": "#1"}
			}
		}
	],
	"display": {
		"thirdperson_righthand": {
			"rotation": [0, 90, 55],
			"translation": [0, 4, 2.5],
			"scale": [0.85, 0.85, 0.85]
		},
		"thirdperson_lefthand": {
			"rotation": [0, -90, -55],
			"translation": [0, 4, 2.5],
			"scale": [0.85, 0.85, 0.85]
		},
		"firstperson_righthand": {
			"rotation": [0, 90, 25],
			"translation": [0, 1.6, 0.8],
			"scale": [0.68, 0.68, 0.68]
		},
		"firstperson_lefthand": {
			"rotation": [0, -90, -25],
			"translation": [0, 1.6, 0.8],
			"scale": [0.68, 0.68, 0.68]
		},
		"ground": {
			"translation": [0, 2, 0],
			"scale": [0.5, 0.5, 0.5]
		},
		"fixed": {
			"rotation": [0, -180, 0]
		}
	},
	"groups": [
		{
			"name": "enchanted_fishing_rod",
			"origin": [8, 8, 8],
			"color": 0,
			"children": [0, 1, 2, 3, 4, 5, 6, 7, 8, 9, 10, 11, 12, 13, 14, 15, 16, 17]
		},
		{
			"name": "group",
			"origin": [8.5, 7.25, 0.5],
			"color": 0,
			"children": [18, 19, 20, 21, 22, 23, 24, 25, 26, 27, 28, 29, 30, 31, 32, 33, 34, 35]
		}
	]
}