{
	"format_version": "1.21.6",
	"credit": "Made with Blockbench",
	"texture_size": [32, 32],
	"textures": {
		"0": "item/thirdperson/enchanted_totem",
		"1": "item/thirdperson/totem_outline",
		"particle": "item/thirdperson/enchanted_totem"
	},
	"elements": [
		{
			"name": "enchanted_totem_0",
			"from": [5, 1, 7.5],
			"to": [11, 15, 8.5],
			"light_emission": 15,
			"rotation": {"angle": 0, "axis": "y", "origin": [0, 0, 7.5]},
			"faces": {
				"north": {"uv": [11, 1, 5, 15], "texture": "#0"},
				"east": {"uv": [10, 1, 11, 15], "texture": "#0"},
				"south": {"uv": [5, 1, 11, 15], "texture": "#0"},
				"west": {"uv": [5, 1, 6, 15], "texture": "#0"},
				"up": {"uv": [5, 1, 11, 2], "texture": "#0"},
				"down": {"uv": [5, 14, 11, 15], "texture": "#0"}
			}
		},
		{
			"name": "enchanted_totem_1",
			"from": [4, 3, 7.5],
			"to": [5, 14, 8.5],
			"light_emission": 15,
			"rotation": {"angle": 0, "axis": "y", "origin": [0, 0, 7.5]},
			"faces": {
				"north": {"uv": [5, 2, 4, 13], "texture": "#0"},
				"east": {"uv": [4, 2, 5, 13], "texture": "#0"},
				"south": {"uv": [4, 2, 5, 13], "texture": "#0"},
				"west": {"uv": [4, 2, 5, 13], "texture": "#0"},
				"up": {"uv": [4, 2, 5, 3], "texture": "#0"},
				"down": {"uv": [4, 12, 5, 13], "texture": "#0"}
			}
		},
		{
			"name": "enchanted_totem_2",
			"from": [11, 3, 7.5],
			"to": [12, 14, 8.5],
			"light_emission": 15,
			"rotation": {"angle": 0, "axis": "y", "origin": [0, 0, 7.5]},
			"faces": {
				"north": {"uv": [12, 2, 11, 13], "texture": "#0"},
				"east": {"uv": [11, 2, 12, 13], "texture": "#0"},
				"south": {"uv": [11, 2, 12, 13], "texture": "#0"},
				"west": {"uv": [11, 2, 12, 13], "texture": "#0"},
				"up": {"uv": [11, 2, 12, 3], "texture": "#0"},
				"down": {"uv": [11, 12, 12, 13], "texture": "#0"}
			}
		},
		{
			"name": "enchanted_totem_3",
			"from": [1, 6, 7.5],
			"to": [4, 8, 8.5],
			"light_emission": 15,
			"rotation": {"angle": 0, "axis": "y", "origin": [0, 0, 7.5]},
			"faces": {
				"north": {"uv": [4, 8, 1, 10], "texture": "#0"},
				"east": {"uv": [3, 8, 4, 10], "texture": "#0"},
				"south": {"uv": [1, 8, 4, 10], "texture": "#0"},
				"west": {"uv": [1, 8, 2, 10], "texture": "#0"},
				"up": {"uv": [1, 8, 4, 9], "texture": "#0"},
				"down": {"uv": [1, 9, 4, 10], "texture": "#0"}
			}
		},
		{
			"name": "enchanted_totem_4",
			"from": [12, 6, 7.5],
			"to": [15, 8, 8.5],
			"light_emission": 15,
			"rotation": {"angle": 0, "axis": "y", "origin": [0, 0, 7.5]},
			"faces": {
				"north": {"uv": [15, 8, 12, 10], "texture": "#0"},
				"east": {"uv": [14, 8, 15, 10], "texture": "#0"},
				"south": {"uv": [12, 8, 15, 10], "texture": "#0"},
				"west": {"uv": [12, 8, 13, 10], "texture": "#0"},
				"up": {"uv": [12, 8, 15, 9], "texture": "#0"},
				"down": {"uv": [12, 9, 15, 10], "texture": "#0"}
			}
		},
		{
			"name": "enchanted_totem_5",
			"from": [2, 5, 7.5],
			"to": [4, 6, 8.5],
			"light_emission": 15,
			"rotation": {"angle": 0, "axis": "y", "origin": [0, 0, 7.5]},
			"faces": {
				"north": {"uv": [4, 10, 2, 11], "texture": "#0"},
				"east": {"uv": [3, 10, 4, 11], "texture": "#0"},
				"south": {"uv": [2, 10, 4, 11], "texture": "#0"},
				"west": {"uv": [2, 10, 3, 11], "texture": "#0"},
				"up": {"uv": [2, 10, 4, 11], "texture": "#0"},
				"down": {"uv": [2, 10, 4, 11], "texture": "#0"}
			}
		},
		{
			"name": "enchanted_totem_6",
			"from": [12, 5, 7.5],
			"to": [14, 6, 8.5],
			"light_emission": 15,
			"rotation": {"angle": 0, "axis": "y", "origin": [0, 0, 7.5]},
			"faces": {
				"north": {"uv": [14, 10, 12, 11], "texture": "#0"},
				"east": {"uv": [13, 10, 14, 11], "texture": "#0"},
				"south": {"uv": [12, 10, 14, 11], "texture": "#0"},
				"west": {"uv": [12, 10, 13, 11], "texture": "#0"},
				"up": {"uv": [12, 10, 14, 11], "texture": "#0"},
				"down": {"uv": [12, 10, 14, 11], "texture": "#0"}
			}
		},
		{
			"name": "enchanted_totem_7",
			"from": [6, 0, 7.5],
			"to": [10, 1, 8.5],
			"light_emission": 15,
			"rotation": {"angle": 0, "axis": "y", "origin": [0, 0, 7.5]},
			"faces": {
				"north": {"uv": [10, 15, 6, 16], "texture": "#0"},
				"east": {"uv": [9, 15, 10, 16], "texture": "#0"},
				"south": {"uv": [6, 15, 10, 16], "texture": "#0"},
				"west": {"uv": [6, 15, 7, 16], "texture": "#0"},
				"up": {"uv": [6, 15, 10, 16], "texture": "#0"},
				"down": {"uv": [6, 15, 10, 16], "texture": "#0"}
			}
		},
		{
			"name": "enchanted_totem_0_outline",
			"from": [11.1, 15.1, 8.6],
			"to": [4.9, 0.9, 7.4],
			"light_emission": 15,
			"rotation": {"angle": 0, "axis": "y", "origin": [0, 0, 7.5]},
			"faces": {
				"north": {"uv": [0, 0, 3, 7], "texture": "#1"},
				"east": {"uv": [6, 0, 6.5, 7], "texture": "#1"},
				"south": {"uv": [3, 0, 6, 7], "texture": "#1"},
				"west": {"uv": [6.5, 0, 7, 7], "texture": "#1"},
				"up": {"uv": [6.5, 7.5, 3.5, 7], "texture": "#1"},
				"down": {"uv": [10, 5.5, 7, 6], "texture": "#1"}
			}
		},
		{
			"name": "enchanted_totem_1_outline",
			"from": [5.1, 14.1, 8.6],
			"to": [3.9, 2.9, 7.4],
			"light_emission": 15,
			"rotation": {"angle": 0, "axis": "y", "origin": [0, 0, 7.5]},
			"faces": {
				"north": {"uv": [0, 7, 0.5, 12.5], "texture": "#1"},
				"east": {"uv": [7, 0, 7.5, 5.5], "texture": "#1"},
				"south": {"uv": [0.5, 7, 1, 12.5], "texture": "#1"},
				"west": {"uv": [1, 7, 1.5, 12.5], "texture": "#1"},
				"up": {"uv": [7, 9, 6.5, 8.5], "texture": "#1"},
				"down": {"uv": [9, 6.5, 8.5, 7], "texture": "#1"}
			}
		},
		{
			"name": "enchanted_totem_2_outline",
			"from": [12.1, 14.1, 8.6],
			"to": [10.9, 2.9, 7.4],
			"light_emission": 15,
			"rotation": {"angle": 0, "axis": "y", "origin": [0, 0, 7.5]},
			"faces": {
				"north": {"uv": [1.5, 7, 2, 12.5], "texture": "#1"},
				"east": {"uv": [2, 7, 2.5, 12.5], "texture": "#1"},
				"south": {"uv": [2.5, 7, 3, 12.5], "texture": "#1"},
				"west": {"uv": [3, 7, 3.5, 12.5], "texture": "#1"},
				"up": {"uv": [7.5, 9, 7, 8.5], "texture": "#1"},
				"down": {"uv": [8, 8.5, 7.5, 9], "texture": "#1"}
			}
		},
		{
			"name": "enchanted_totem_3_outline",
			"from": [4.1, 8.1, 8.6],
			"to": [0.9, 5.9, 7.4],
			"light_emission": 15,
			"rotation": {"angle": 0, "axis": "y", "origin": [0, 0, 7.5]},
			"faces": {
				"north": {"uv": [7, 6, 8.5, 7], "texture": "#1"},
				"east": {"uv": [5.5, 7.5, 6, 8.5], "texture": "#1"},
				"south": {"uv": [6.5, 7, 8, 8], "texture": "#1"},
				"west": {"uv": [6, 7.5, 6.5, 8.5], "texture": "#1"},
				"up": {"uv": [9, 4, 7.5, 3.5], "texture": "#1"},
				"down": {"uv": [9, 4, 7.5, 4.5], "texture": "#1"}
			}
		},
		{
			"name": "enchanted_totem_4_outline",
			"from": [15.1, 8.1, 8.6],
			"to": [11.9, 5.9, 7.4],
			"light_emission": 15,
			"rotation": {"angle": 0, "axis": "y", "origin": [0, 0, 7.5]},
			"faces": {
				"north": {"uv": [7.5, 0, 9, 1], "texture": "#1"},
				"east": {"uv": [3.5, 8, 4, 9], "texture": "#1"},
				"south": {"uv": [7.5, 1, 9, 2], "texture": "#1"},
				"west": {"uv": [4, 8, 4.5, 9], "texture": "#1"},
				"up": {"uv": [9, 5, 7.5, 4.5], "texture": "#1"},
				"down": {"uv": [9, 5, 7.5, 5.5], "texture": "#1"}
			}
		},
		{
			"name": "enchanted_totem_5_outline",
			"from": [4.1, 6.1, 8.6],
			"to": [1.9, 4.9, 7.4],
			"light_emission": 15,
			"rotation": {"angle": 0, "axis": "y", "origin": [0, 0, 7.5]},
			"faces": {
				"north": {"uv": [4.5, 8, 5.5, 8.5], "texture": "#1"},
				"east": {"uv": [8, 8.5, 8.5, 9], "texture": "#1"},
				"south": {"uv": [6.5, 8, 7.5, 8.5], "texture": "#1"},
				"west": {"uv": [8.5, 8, 9, 8.5], "texture": "#1"},
				"up": {"uv": [9, 7.5, 8, 7], "texture": "#1"},
				"down": {"uv": [8.5, 8, 7.5, 8.5], "texture": "#1"}
			}
		},
		{
			"name": "enchanted_totem_6_outline",
			"from": [14.1, 6.1, 8.6],
			"to": [11.9, 4.9, 7.4],
			"light_emission": 15,
			"rotation": {"angle": 0, "axis": "y", "origin": [0, 0, 7.5]},
			"faces": {
				"north": {"uv": [8, 7.5, 9, 8], "texture": "#1"},
				"east": {"uv": [8.5, 8.5, 9, 9], "texture": "#1"},
				"south": {"uv": [4.5, 8.5, 5.5, 9], "texture": "#1"},
				"west": {"uv": [9, 0, 9.5, 0.5], "texture": "#1"},
				"up": {"uv": [6.5, 9, 5.5, 8.5], "texture": "#1"},
				"down": {"uv": [9.5, 6, 8.5, 6.5], "texture": "#1"}
			}
		},
		{
			"name": "enchanted_totem_7_outline",
			"from": [10.1, 1.1, 8.6],
			"to": [5.9, -0.1, 7.4],
			"light_emission": 15,
			"rotation": {"angle": 0, "axis": "y", "origin": [0, 0, 7.5]},
			"faces": {
				"north": {"uv": [7.5, 2, 9.5, 2.5], "texture": "#1"},
				"east": {"uv": [9, 0.5, 9.5, 1], "texture": "#1"},
				"south": {"uv": [7.5, 2.5, 9.5, 3], "texture": "#1"},
				"west": {"uv": [9, 1, 9.5, 1.5], "texture": "#1"},
				"up": {"uv": [9.5, 3.5, 7.5, 3], "texture": "#1"},
				"down": {"uv": [5.5, 7.5, 3.5, 8], "texture": "#1"}
			}
		}
	],
	"display": {
		"thirdperson_righthand": {
			"translation": [0, 3, 1],
			"scale": [0.55, 0.55, 0.55]
		},
		"thirdperson_lefthand": {
			"translation": [0, 3, 1],
			"scale": [0.55, 0.55, 0.55]
		},
		"firstperson_righthand": {
			"rotation": [0, -90, 25],
			"translation": [1.13, 3.2, 1.13],
			"scale": [0.68, 0.68, 0.68]
		},
		"firstperson_lefthand": {
			"rotation": [0, -90, 25],
			"translation": [1.13, 3.2, 1.13],
			"scale": [0.68, 0.68, 0.68]
		},
		"ground": {
			"translation": [0, 2, 0],
			"scale": [0.5, 0.5, 0.5]
		},
		"head": {
			"translation": [0, 14.5, 0]
		},
		"fixed": {
			"rotation": [0, -180, 0]
		}
	},
	"groups": [
		{
			"name": "enchanted_totem",
			"origin": [8, 8, 8],
			"color": 0,
			"children": [0, 1, 2, 3, 4, 5, 6, 7]
		},
		{
			"name": "totem",
			"origin": [0, 0, 7.5],
			"color": 0,
			"children": [8, 9, 10, 11, 12, 13, 14, 15]
		}
	]
}