{
	"format_version": "1.21.6",
	"credit": "Made with Blockbench",
	"texture_size": [32, 32],
	"textures": {
		"0": "item/thirdperson/enchanted_bow_pulling_2",
		"1": "item/thirdperson/bow_outline_2",
		"particle": "item/thirdperson/enchanted_bow_pulling_2"
	},
	"elements": [
		{
			"name": "enchanted_bow_pulling_2_0",
			"from": [3, 12, 7.5],
			"to": [4, 14, 8.5],
			"light_emission": 15,
			"rotation": {"angle": 0, "axis": "y", "origin": [0, 0, 7.5]},
			"faces": {
				"north": {"uv": [4, 2, 3, 4], "texture": "#0"},
				"east": {"uv": [3, 2, 4, 4], "texture": "#0"},
				"south": {"uv": [3, 2, 4, 4], "texture": "#0"},
				"west": {"uv": [3, 2, 4, 4], "texture": "#0"},
				"up": {"uv": [3, 2, 4, 3], "texture": "#0"},
				"down": {"uv": [3, 3, 4, 4], "texture": "#0"}
			}
		},
		{
			"name": "enchanted_bow_pulling_2_1",
			"from": [8, 11, 7.5],
			"to": [15, 14, 8.5],
			"light_emission": 15,
			"rotation": {"angle": 0, "axis": "y", "origin": [0, 0, 7.5]},
			"faces": {
				"north": {"uv": [15, 2, 8, 5], "texture": "#0"},
				"east": {"uv": [14, 2, 15, 5], "texture": "#0"},
				"south": {"uv": [8, 2, 15, 5], "texture": "#0"},
				"west": {"uv": [8, 2, 9, 5], "texture": "#0"},
				"up": {"uv": [8, 2, 15, 3], "texture": "#0"},
				"down": {"uv": [8, 4, 15, 5], "texture": "#0"}
			}
		},
		{
			"name": "enchanted_bow_pulling_2_2",
			"from": [4, 1, 7.5],
			"to": [5, 13, 8.5],
			"light_emission": 15,
			"rotation": {"angle": 0, "axis": "y", "origin": [0, 0, 7.5]},
			"faces": {
				"north": {"uv": [5, 3, 4, 15], "texture": "#0"},
				"east": {"uv": [4, 3, 5, 15], "texture": "#0"},
				"south": {"uv": [4, 3, 5, 15], "texture": "#0"},
				"west": {"uv": [4, 3, 5, 15], "texture": "#0"},
				"up": {"uv": [4, 3, 5, 4], "texture": "#0"},
				"down": {"uv": [4, 14, 5, 15], "texture": "#0"}
			}
		},
		{
			"name": "enchanted_bow_pulling_2_3",
			"from": [6, 9, 7.5],
			"to": [8, 13, 8.5],
			"light_emission": 15,
			"rotation": {"angle": 0, "axis": "y", "origin": [0, 0, 7.5]},
			"faces": {
				"north": {"uv": [8, 3, 6, 7], "texture": "#0"},
				"east": {"uv": [7, 3, 8, 7], "texture": "#0"},
				"south": {"uv": [6, 3, 8, 7], "texture": "#0"},
				"west": {"uv": [6, 3, 7, 7], "texture": "#0"},
				"up": {"uv": [6, 3, 8, 4], "texture": "#0"},
				"down": {"uv": [6, 6, 8, 7], "texture": "#0"}
			}
		},
		{
			"name": "enchanted_bow_pulling_2_4",
			"from": [15, 12, 7.5],
			"to": [16, 13, 8.5],
			"light_emission": 15,
			"rotation": {"angle": 0, "axis": "y", "origin": [0, 0, 7.5]},
			"faces": {
				"north": {"uv": [16, 3, 15, 4], "texture": "#0"},
				"east": {"uv": [15, 3, 16, 4], "texture": "#0"},
				"south": {"uv": [15, 3, 16, 4], "texture": "#0"},
				"west": {"uv": [15, 3, 16, 4], "texture": "#0"},
				"up": {"uv": [15, 3, 16, 4], "texture": "#0"},
				"down": {"uv": [15, 3, 16, 4], "texture": "#0"}
			}
		},
		{
			"name": "enchanted_bow_pulling_2_5",
			"from": [5, 8, 7.5],
			"to": [6, 12, 8.5],
			"light_emission": 15,
			"rotation": {"angle": 0, "axis": "y", "origin": [0, 0, 7.5]},
			"faces": {
				"north": {"uv": [6, 4, 5, 8], "texture": "#0"},
				"east": {"uv": [5, 4, 6, 8], "texture": "#0"},
				"south": {"uv": [5, 4, 6, 8], "texture": "#0"},
				"west": {"uv": [5, 4, 6, 8], "texture": "#0"},
				"up": {"uv": [5, 4, 6, 5], "texture": "#0"},
				"down": {"uv": [5, 7, 6, 8], "texture": "#0"}
			}
		},
		{
			"name": "enchanted_bow_pulling_2_6",
			"from": [14, 9, 7.5],
			"to": [15, 11, 8.5],
			"light_emission": 15,
			"rotation": {"angle": 0, "axis": "y", "origin": [0, 0, 7.5]},
			"faces": {
				"north": {"uv": [15, 5, 14, 7], "texture": "#0"},
				"east": {"uv": [14, 5, 15, 7], "texture": "#0"},
				"south": {"uv": [14, 5, 15, 7], "texture": "#0"},
				"west": {"uv": [14, 5, 15, 7], "texture": "#0"},
				"up": {"uv": [14, 5, 15, 6], "texture": "#0"},
				"down": {"uv": [14, 6, 15, 7], "texture": "#0"}
			}
		},
		{
			"name": "enchanted_bow_pulling_2_7",
			"from": [3, 0, 7.5],
			"to": [4, 10, 8.5],
			"light_emission": 15,
			"rotation": {"angle": 0, "axis": "y", "origin": [0, 0, 7.5]},
			"faces": {
				"north": {"uv": [4, 6, 3, 16], "texture": "#0"},
				"east": {"uv": [3, 6, 4, 16], "texture": "#0"},
				"south": {"uv": [3, 6, 4, 16], "texture": "#0"},
				"west": {"uv": [3, 6, 4, 16], "texture": "#0"},
				"up": {"uv": [3, 6, 4, 7], "texture": "#0"},
				"down": {"uv": [3, 15, 4, 16], "texture": "#0"}
			}
		},
		{
			"name": "enchanted_bow_pulling_2_8",
			"from": [7, 8, 7.5],
			"to": [9, 9, 8.5],
			"light_emission": 15,
			"rotation": {"angle": 0, "axis": "y", "origin": [0, 0, 7.5]},
			"faces": {
				"north": {"uv": [9, 7, 7, 8], "texture": "#0"},
				"east": {"uv": [8, 7, 9, 8], "texture": "#0"},
				"south": {"uv": [7, 7, 9, 8], "texture": "#0"},
				"west": {"uv": [7, 7, 8, 8], "texture": "#0"},
				"up": {"uv": [7, 7, 9, 8], "texture": "#0"},
				"down": {"uv": [7, 7, 9, 8], "texture": "#0"}
			}
		},
		{
			"name": "enchanted_bow_pulling_2_9",
			"from": [13, 5, 7.5],
			"to": [14, 9, 8.5],
			"light_emission": 15,
			"rotation": {"angle": 0, "axis": "y", "origin": [0, 0, 7.5]},
			"faces": {
				"north": {"uv": [14, 7, 13, 11], "texture": "#0"},
				"east": {"uv": [13, 7, 14, 11], "texture": "#0"},
				"south": {"uv": [13, 7, 14, 11], "texture": "#0"},
				"west": {"uv": [13, 7, 14, 11], "texture": "#0"},
				"up": {"uv": [13, 7, 14, 8], "texture": "#0"},
				"down": {"uv": [13, 10, 14, 11], "texture": "#0"}
			}
		},
		{
			"name": "enchanted_bow_pulling_2_10",
			"from": [2, 1, 7.5],
			"to": [3, 8, 8.5],
			"light_emission": 15,
			"rotation": {"angle": 0, "axis": "y", "origin": [0, 0, 7.5]},
			"faces": {
				"north": {"uv": [3, 8, 2, 15], "texture": "#0"},
				"east": {"uv": [2, 8, 3, 15], "texture": "#0"},
				"south": {"uv": [2, 8, 3, 15], "texture": "#0"},
				"west": {"uv": [2, 8, 3, 15], "texture": "#0"},
				"up": {"uv": [2, 8, 3, 9], "texture": "#0"},
				"down": {"uv": [2, 14, 3, 15], "texture": "#0"}
			}
		},
		{
			"name": "enchanted_bow_pulling_2_11",
			"from": [8, 7, 7.5],
			"to": [10, 8, 8.5],
			"light_emission": 15,
			"rotation": {"angle": 0, "axis": "y", "origin": [0, 0, 7.5]},
			"faces": {
				"north": {"uv": [10, 8, 8, 9], "texture": "#0"},
				"east": {"uv": [9, 8, 10, 9], "texture": "#0"},
				"south": {"uv": [8, 8, 10, 9], "texture": "#0"},
				"west": {"uv": [8, 8, 9, 9], "texture": "#0"},
				"up": {"uv": [8, 8, 10, 9], "texture": "#0"},
				"down": {"uv": [8, 8, 10, 9], "texture": "#0"}
			}
		},
		{
			"name": "enchanted_bow_pulling_2_12",
			"from": [9, 6, 7.5],
			"to": [11, 7, 8.5],
			"light_emission": 15,
			"rotation": {"angle": 0, "axis": "y", "origin": [0, 0, 7.5]},
			"faces": {
				"north": {"uv": [11, 9, 9, 10], "texture": "#0"},
				"east": {"uv": [10, 9, 11, 10], "texture": "#0"},
				"south": {"uv": [9, 9, 11, 10], "texture": "#0"},
				"west": {"uv": [9, 9, 10, 10], "texture": "#0"},
				"up": {"uv": [9, 9, 11, 10], "texture": "#0"},
				"down": {"uv": [9, 9, 11, 10], "texture": "#0"}
			}
		},
		{
			"name": "enchanted_bow_pulling_2_13",
			"from": [10, 5, 7.5],
			"to": [12, 6, 8.5],
			"light_emission": 15,
			"rotation": {"angle": 0, "axis": "y", "origin": [0, 0, 7.5]},
			"faces": {
				"north": {"uv": [12, 10, 10, 11], "texture": "#0"},
				"east": {"uv": [11, 10, 12, 11], "texture": "#0"},
				"south": {"uv": [10, 10, 12, 11], "texture": "#0"},
				"west": {"uv": [10, 10, 11, 11], "texture": "#0"},
				"up": {"uv": [10, 10, 12, 11], "texture": "#0"},
				"down": {"uv": [10, 10, 12, 11], "texture": "#0"}
			}
		},
		{
			"name": "enchanted_bow_pulling_2_14",
			"from": [11, 4, 7.5],
			"to": [13, 5, 8.5],
			"light_emission": 15,
			"rotation": {"angle": 0, "axis": "y", "origin": [0, 0, 7.5]},
			"faces": {
				"north": {"uv": [13, 11, 11, 12], "texture": "#0"},
				"east": {"uv": [12, 11, 13, 12], "texture": "#0"},
				"south": {"uv": [11, 11, 13, 12], "texture": "#0"},
				"west": {"uv": [11, 11, 12, 12], "texture": "#0"},
				"up": {"uv": [11, 11, 13, 12], "texture": "#0"},
				"down": {"uv": [11, 11, 13, 12], "texture": "#0"}
			}
		},
		{
			"name": "enchanted_bow_pulling_2_15",
			"from": [11, 3, 7.5],
			"to": [12, 4, 8.5],
			"light_emission": 15,
			"rotation": {"angle": 0, "axis": "y", "origin": [0, 0, 7.5]},
			"faces": {
				"north": {"uv": [12, 12, 11, 13], "texture": "#0"},
				"east": {"uv": [11, 12, 12, 13], "texture": "#0"},
				"south": {"uv": [11, 12, 12, 13], "texture": "#0"},
				"west": {"uv": [11, 12, 12, 13], "texture": "#0"},
				"up": {"uv": [11, 12, 12, 13], "texture": "#0"},
				"down": {"uv": [11, 12, 12, 13], "texture": "#0"}
			}
		},
		{
			"name": "enchanted_bow_pulling_2_16",
			"from": [7, 2, 7.5],
			"to": [11, 3, 8.5],
			"light_emission": 15,
			"rotation": {"angle": 0, "axis": "y", "origin": [0, 0, 7.5]},
			"faces": {
				"north": {"uv": [11, 13, 7, 14], "texture": "#0"},
				"east": {"uv": [10, 13, 11, 14], "texture": "#0"},
				"south": {"uv": [7, 13, 11, 14], "texture": "#0"},
				"west": {"uv": [7, 13, 8, 14], "texture": "#0"},
				"up": {"uv": [7, 13, 11, 14], "texture": "#0"},
				"down": {"uv": [7, 13, 11, 14], "texture": "#0"}
			}
		},
		{
			"name": "enchanted_bow_pulling_2_17",
			"from": [5, 1, 7.5],
			"to": [7, 2, 8.5],
			"light_emission": 15,
			"rotation": {"angle": 0, "axis": "y", "origin": [0, 0, 7.5]},
			"faces": {
				"north": {"uv": [7, 14, 5, 15], "texture": "#0"},
				"east": {"uv": [6, 14, 7, 15], "texture": "#0"},
				"south": {"uv": [5, 14, 7, 15], "texture": "#0"},
				"west": {"uv": [5, 14, 6, 15], "texture": "#0"},
				"up": {"uv": [5, 14, 7, 15], "texture": "#0"},
				"down": {"uv": [5, 14, 7, 15], "texture": "#0"}
			}
		},
		{
			"name": "enchanted_bow_pulling_2_0_outline",
			"from": [4.1, 14.1, 8.6],
			"to": [2.9, 11.9, 7.4],
			"light_emission": 15,
			"rotation": {"angle": 0, "axis": "y", "origin": [0, 0, 7.5]},
			"faces": {
				"north": {"uv": [7, 5, 7.5, 6], "texture": "#1"},
				"east": {"uv": [5.5, 7, 6, 8], "texture": "#1"},
				"south": {"uv": [6, 7, 6.5, 8], "texture": "#1"},
				"west": {"uv": [7, 6, 7.5, 7], "texture": "#1"},
				"up": {"uv": [5.5, 4, 5, 3.5], "texture": "#1"},
				"down": {"uv": [3.5, 8, 3, 8.5], "texture": "#1"}
			}
		},
		{
			"name": "enchanted_bow_pulling_2_1_outline",
			"from": [15.1, 14.1, 8.6],
			"to": [7.9, 10.9, 7.4],
			"light_emission": 15,
			"rotation": {"angle": 0, "axis": "y", "origin": [0, 0, 7.5]},
			"faces": {
				"north": {"uv": [0, 0, 3.5, 1.5], "texture": "#1"},
				"east": {"uv": [7, 2, 7.5, 3.5], "texture": "#1"},
				"south": {"uv": [0, 1.5, 3.5, 3], "texture": "#1"},
				"west": {"uv": [5, 7, 5.5, 8.5], "texture": "#1"},
				"up": {"uv": [7.5, 4.5, 4, 4], "texture": "#1"},
				"down": {"uv": [7.5, 4.5, 4, 5], "texture": "#1"}
			}
		},
		{
			"name": "enchanted_bow_pulling_2_2_outline",
			"from": [5.1, 13.1, 8.6],
			"to": [3.9, 0.9, 7.4],
			"light_emission": 15,
			"rotation": {"angle": 0, "axis": "y", "origin": [0, 0, 7.5]},
			"faces": {
				"north": {"uv": [0, 3, 0.5, 9], "texture": "#1"},
				"east": {"uv": [0.5, 3, 1, 9], "texture": "#1"},
				"south": {"uv": [1, 3, 1.5, 9], "texture": "#1"},
				"west": {"uv": [1.5, 3, 2, 9], "texture": "#1"},
				"up": {"uv": [9, 7.5, 8.5, 7], "texture": "#1"},
				"down": {"uv": [9, 7.5, 8.5, 8], "texture": "#1"}
			}
		},
		{
			"name": "enchanted_bow_pulling_2_3_outline",
			"from": [8.1, 13.1, 8.6],
			"to": [5.9, 8.9, 7.4],
			"light_emission": 15,
			"rotation": {"angle": 0, "axis": "y", "origin": [0, 0, 7.5]},
			"faces": {
				"north": {"uv": [4, 0, 5, 2], "texture": "#1"},
				"east": {"uv": [5, 5, 5.5, 7], "texture": "#1"},
				"south": {"uv": [4, 2, 5, 4], "texture": "#1"},
				"west": {"uv": [5.5, 0, 6, 2], "texture": "#1"},
				"up": {"uv": [8, 4, 7, 3.5], "texture": "#1"},
				"down": {"uv": [7.5, 7, 6.5, 7.5], "texture": "#1"}
			}
		},
		{
			"name": "enchanted_bow_pulling_2_4_outline",
			"from": [16.1, 13.1, 8.6],
			"to": [14.9, 11.9, 7.4],
			"light_emission": 15,
			"rotation": {"angle": 0, "axis": "y", "origin": [0, 0, 7.5]},
			"faces": {
				"north": {"uv": [8, 8.5, 8.5, 9], "texture": "#1"},
				"east": {"uv": [8.5, 8, 9, 8.5], "texture": "#1"},
				"south": {"uv": [8.5, 8.5, 9, 9], "texture": "#1"},
				"west": {"uv": [0, 9, 0.5, 9.5], "texture": "#1"},
				"up": {"uv": [9.5, 0.5, 9, 0], "texture": "#1"},
				"down": {"uv": [1, 9, 0.5, 9.5], "texture": "#1"}
			}
		},
		{
			"name": "enchanted_bow_pulling_2_5_outline",
			"from": [6.1, 12.1, 8.6],
			"to": [4.9, 7.9, 7.4],
			"light_emission": 15,
			"rotation": {"angle": 0, "axis": "y", "origin": [0, 0, 7.5]},
			"faces": {
				"north": {"uv": [5.5, 2, 6, 4], "texture": "#1"},
				"east": {"uv": [5.5, 5, 6, 7], "texture": "#1"},
				"south": {"uv": [6, 0, 6.5, 2], "texture": "#1"},
				"west": {"uv": [6, 2, 6.5, 4], "texture": "#1"},
				"up": {"uv": [9.5, 1, 9, 0.5], "texture": "#1"},
				"down": {"uv": [1.5, 9, 1, 9.5], "texture": "#1"}
			}
		},
		{
			"name": "enchanted_bow_pulling_2_6_outline",
			"from": [15.1, 11.1, 8.6],
			"to": [13.9, 8.9, 7.4],
			"light_emission": 15,
			"rotation": {"angle": 0, "axis": "y", "origin": [0, 0, 7.5]},
			"faces": {
				"north": {"uv": [7.5, 2, 8, 3], "texture": "#1"},
				"east": {"uv": [7.5, 4, 8, 5], "texture": "#1"},
				"south": {"uv": [7.5, 5, 8, 6], "texture": "#1"},
				"west": {"uv": [7.5, 6, 8, 7], "texture": "#1"},
				"up": {"uv": [9.5, 1.5, 9, 1], "texture": "#1"},
				"down": {"uv": [2, 9, 1.5, 9.5], "texture": "#1"}
			}
		},
		{
			"name": "enchanted_bow_pulling_2_7_outline",
			"from": [4.1, 10.1, 8.6],
			"to": [2.9, -0.1, 7.4],
			"light_emission": 15,
			"rotation": {"angle": 0, "axis": "y", "origin": [0, 0, 7.5]},
			"faces": {
				"north": {"uv": [2, 3, 2.5, 8], "texture": "#1"},
				"east": {"uv": [2.5, 3, 3, 8], "texture": "#1"},
				"south": {"uv": [3, 3, 3.5, 8], "texture": "#1"},
				"west": {"uv": [3.5, 0, 4, 5], "texture": "#1"},
				"up": {"uv": [9.5, 2, 9, 1.5], "texture": "#1"},
				"down": {"uv": [2.5, 9, 2, 9.5], "texture": "#1"}
			}
		},
		{
			"name": "enchanted_bow_pulling_2_8_outline",
			"from": [9.1, 9.1, 8.6],
			"to": [6.9, 7.9, 7.4],
			"light_emission": 15,
			"rotation": {"angle": 0, "axis": "y", "origin": [0, 0, 7.5]},
			"faces": {
				"north": {"uv": [7.5, 3, 8.5, 3.5], "texture": "#1"},
				"east": {"uv": [9, 2, 9.5, 2.5], "texture": "#1"},
				"south": {"uv": [6.5, 7.5, 7.5, 8], "texture": "#1"},
				"west": {"uv": [2.5, 9, 3, 9.5], "texture": "#1"},
				"up": {"uv": [8.5, 7.5, 7.5, 7], "texture": "#1"},
				"down": {"uv": [8.5, 7.5, 7.5, 8], "texture": "#1"}
			}
		},
		{
			"name": "enchanted_bow_pulling_2_9_outline",
			"from": [14.1, 9.1, 8.6],
			"to": [12.9, 4.9, 7.4],
			"light_emission": 15,
			"rotation": {"angle": 0, "axis": "y", "origin": [0, 0, 7.5]},
			"faces": {
				"north": {"uv": [6, 5, 6.5, 7], "texture": "#1"},
				"east": {"uv": [6.5, 0, 7, 2], "texture": "#1"},
				"south": {"uv": [6.5, 2, 7, 4], "texture": "#1"},
				"west": {"uv": [6.5, 5, 7, 7], "texture": "#1"},
				"up": {"uv": [9.5, 3, 9, 2.5], "texture": "#1"},
				"down": {"uv": [3.5, 9, 3, 9.5], "texture": "#1"}
			}
		},
		{
			"name": "enchanted_bow_pulling_2_10_outline",
			"from": [3.1, 8.1, 8.6],
			"to": [1.9, 0.9, 7.4],
			"light_emission": 15,
			"rotation": {"angle": 0, "axis": "y", "origin": [0, 0, 7.5]},
			"faces": {
				"north": {"uv": [5, 0, 5.5, 3.5], "texture": "#1"},
				"east": {"uv": [3.5, 5, 4, 8.5], "texture": "#1"},
				"south": {"uv": [4, 5, 4.5, 8.5], "texture": "#1"},
				"west": {"uv": [4.5, 5, 5, 8.5], "texture": "#1"},
				"up": {"uv": [4, 9.5, 3.5, 9], "texture": "#1"},
				"down": {"uv": [9.5, 3.5, 9, 4], "texture": "#1"}
			}
		},
		{
			"name": "enchanted_bow_pulling_2_11_outline",
			"from": [10.1, 8.1, 8.6],
			"to": [7.9, 6.9, 7.4],
			"light_emission": 15,
			"rotation": {"angle": 0, "axis": "y", "origin": [0, 0, 7.5]},
			"faces": {
				"north": {"uv": [2, 8, 3, 8.5], "texture": "#1"},
				"east": {"uv": [4, 9, 4.5, 9.5], "texture": "#1"},
				"south": {"uv": [8, 2, 9, 2.5], "texture": "#1"},
				"west": {"uv": [9, 4, 9.5, 4.5], "texture": "#1"},
				"up": {"uv": [9, 3, 8, 2.5], "texture": "#1"},
				"down": {"uv": [9, 3.5, 8, 4], "texture": "#1"}
			}
		},
		{
			"name": "enchanted_bow_pulling_2_12_outline",
			"from": [11.1, 7.1, 8.6],
			"to": [8.9, 5.9, 7.4],
			"light_emission": 15,
			"rotation": {"angle": 0, "axis": "y", "origin": [0, 0, 7.5]},
			"faces": {
				"north": {"uv": [8, 4, 9, 4.5], "texture": "#1"},
				"east": {"uv": [4.5, 9, 5, 9.5], "texture": "#1"},
				"south": {"uv": [8, 4.5, 9, 5], "texture": "#1"},
				"west": {"uv": [9, 4.5, 9.5, 5], "texture": "#1"},
				"up": {"uv": [9, 5.5, 8, 5], "texture": "#1"},
				"down": {"uv": [6.5, 8, 5.5, 8.5], "texture": "#1"}
			}
		},
		{
			"name": "enchanted_bow_pulling_2_13_outline",
			"from": [12.1, 6.1, 8.6],
			"to": [9.9, 4.9, 7.4],
			"light_emission": 15,
			"rotation": {"angle": 0, "axis": "y", "origin": [0, 0, 7.5]},
			"faces": {
				"north": {"uv": [8, 5.5, 9, 6], "texture": "#1"},
				"east": {"uv": [5, 9, 5.5, 9.5], "texture": "#1"},
				"south": {"uv": [8, 6, 9, 6.5], "texture": "#1"},
				"west": {"uv": [9, 5, 9.5, 5.5], "texture": "#1"},
				"up": {"uv": [7.5, 8.5, 6.5, 8], "texture": "#1"},
				"down": {"uv": [9, 6.5, 8, 7], "texture": "#1"}
			}
		},
		{
			"name": "enchanted_bow_pulling_2_14_outline",
			"from": [13.1, 5.1, 8.6],
			"to": [10.9, 3.9, 7.4],
			"light_emission": 15,
			"rotation": {"angle": 0, "axis": "y", "origin": [0, 0, 7.5]},
			"faces": {
				"north": {"uv": [7.5, 8, 8.5, 8.5], "texture": "#1"},
				"east": {"uv": [5.5, 9, 6, 9.5], "texture": "#1"},
				"south": {"uv": [2, 8.5, 3, 9], "texture": "#1"},
				"west": {"uv": [9, 5.5, 9.5, 6], "texture": "#1"},
				"up": {"uv": [4, 9, 3, 8.5], "texture": "#1"},
				"down": {"uv": [9.5, 3, 8.5, 3.5], "texture": "#1"}
			}
		},
		{
			"name": "enchanted_bow_pulling_2_15_outline",
			"from": [12.1, 4.1, 8.6],
			"to": [10.9, 2.9, 7.4],
			"light_emission": 15,
			"rotation": {"angle": 0, "axis": "y", "origin": [0, 0, 7.5]},
			"faces": {
				"north": {"uv": [6, 9, 6.5, 9.5], "texture": "#1"},
				"east": {"uv": [9, 6, 9.5, 6.5], "texture": "#1"},
				"south": {"uv": [6.5, 9, 7, 9.5], "texture": "#1"},
				"west": {"uv": [9, 6.5, 9.5, 7], "texture": "#1"},
				"up": {"uv": [7.5, 9.5, 7, 9], "texture": "#1"},
				"down": {"uv": [9.5, 7, 9, 7.5], "texture": "#1"}
			}
		},
		{
			"name": "enchanted_bow_pulling_2_16_outline",
			"from": [11.1, 3.1, 8.6],
			"to": [6.9, 1.9, 7.4],
			"light_emission": 15,
			"rotation": {"angle": 0, "axis": "y", "origin": [0, 0, 7.5]},
			"faces": {
				"north": {"uv": [7, 0, 9, 0.5], "texture": "#1"},
				"east": {"uv": [7.5, 9, 8, 9.5], "texture": "#1"},
				"south": {"uv": [7, 0.5, 9, 1], "texture": "#1"},
				"west": {"uv": [9, 7.5, 9.5, 8], "texture": "#1"},
				"up": {"uv": [9, 1.5, 7, 1], "texture": "#1"},
				"down": {"uv": [9, 1.5, 7, 2], "texture": "#1"}
			}
		},
		{
			"name": "enchanted_bow_pulling_2_17_outline",
			"from": [7.1, 2.1, 8.6],
			"to": [4.9, 0.9, 7.4],
			"light_emission": 15,
			"rotation": {"angle": 0, "axis": "y", "origin": [0, 0, 7.5]},
			"faces": {
				"north": {"uv": [4, 8.5, 5, 9], "texture": "#1"},
				"east": {"uv": [8, 9, 8.5, 9.5], "texture": "#1"},
				"south": {"uv": [5, 8.5, 6, 9], "texture": "#1"},
				"west": {"uv": [9, 8, 9.5, 8.5], "texture": "#1"},
				"up": {"uv": [7, 9, 6, 8.5], "texture": "#1"},
				"down": {"uv": [8, 8.5, 7, 9], "texture": "#1"}
			}
		}
	],
	"display": {
		"thirdperson_righthand": {
			"rotation": [0, -90, 55],
			"translation": [0, -1.75, 2],
			"scale": [0.85, 0.85, 0.85]
		},
		"thirdperson_lefthand": {
			"rotation": [0, 90, -55],
			"translation": [0, -1.5, 1.5],
			"scale": [0.85, 0.85, 0.85]
		},
		"firstperson_righthand": {
			"rotation": [0, -90, 25],
			"translation": [1.13, 3.2, 1.13],
			"scale": [0.68, 0.68, 0.68]
		},
		"firstperson_lefthand": {
			"rotation": [0, 90, -25],
			"translation": [1.13, 3.2, 1.13],
			"scale": [0.68, 0.68, 0.68]
		},
		"ground": {
			"translation": [0, 2, 0],
			"scale": [0.5, 0.5, 0.5]
		},
		"fixed": {
			"rotation": [0, -180, 0]
		}
	},
	"groups": [
		{
			"name": "enchanted_bow_pulling_2",
			"origin": [8, 8, 8],
			"color": 0,
			"children": [0, 1, 2, 3, 4, 5, 6, 7, 8, 9, 10, 11, 12, 13, 14, 15, 16, 17]
		},
		18,
		19,
		20,
		21,
		22,
		23,
		24,
		25,
		26,
		27,
		28,
		29,
		30,
		31,
		32,
		33,
		34,
		35
	]
}