{
	"format_version": "1.21.6",
	"credit": "Made with Blockbench",
	"texture_size": [32, 32],
	"textures": {
		"0": "item/thirdperson/e_00",
		"1": "item/thirdperson/compass_outline",
		"particle": "item/thirdperson/e_00"
	},
	"elements": [
		{
			"name": "compass_00_0",
			"from": [5, 2, 7.5],
			"to": [11, 14, 8.5],
			"light_emission": 15,
			"rotation": {"angle": 0, "axis": "y", "origin": [0, 0, 7.5]},
			"faces": {
				"north": {"uv": [11, 2, 5, 14], "texture": "#0"},
				"east": {"uv": [10, 2, 11, 14], "texture": "#0"},
				"south": {"uv": [5, 2, 11, 14], "texture": "#0"},
				"west": {"uv": [5, 2, 6, 14], "texture": "#0"},
				"up": {"uv": [5, 2, 11, 3], "texture": "#0"},
				"down": {"uv": [5, 13, 11, 14], "texture": "#0"}
			}
		},
		{
			"name": "compass_00_1",
			"from": [3, 3, 7.5],
			"to": [5, 13, 8.5],
			"light_emission": 15,
			"rotation": {"angle": 0, "axis": "y", "origin": [0, 0, 7.5]},
			"faces": {
				"north": {"uv": [5, 3, 3, 13], "texture": "#0"},
				"east": {"uv": [4, 3, 5, 13], "texture": "#0"},
				"south": {"uv": [3, 3, 5, 13], "texture": "#0"},
				"west": {"uv": [3, 3, 4, 13], "texture": "#0"},
				"up": {"uv": [3, 3, 5, 4], "texture": "#0"},
				"down": {"uv": [3, 12, 5, 13], "texture": "#0"}
			}
		},
		{
			"name": "compass_00_2",
			"from": [11, 3, 7.5],
			"to": [13, 13, 8.5],
			"light_emission": 15,
			"rotation": {"angle": 0, "axis": "y", "origin": [0, 0, 7.5]},
			"faces": {
				"north": {"uv": [13, 3, 11, 13], "texture": "#0"},
				"east": {"uv": [12, 3, 13, 13], "texture": "#0"},
				"south": {"uv": [11, 3, 13, 13], "texture": "#0"},
				"west": {"uv": [11, 3, 12, 13], "texture": "#0"},
				"up": {"uv": [11, 3, 13, 4], "texture": "#0"},
				"down": {"uv": [11, 12, 13, 13], "texture": "#0"}
			}
		},
		{
			"name": "compass_00_3",
			"from": [2, 4, 7.5],
			"to": [3, 12, 8.5],
			"light_emission": 15,
			"rotation": {"angle": 0, "axis": "y", "origin": [0, 0, 7.5]},
			"faces": {
				"north": {"uv": [3, 4, 2, 12], "texture": "#0"},
				"east": {"uv": [2, 4, 3, 12], "texture": "#0"},
				"south": {"uv": [2, 4, 3, 12], "texture": "#0"},
				"west": {"uv": [2, 4, 3, 12], "texture": "#0"},
				"up": {"uv": [2, 4, 3, 5], "texture": "#0"},
				"down": {"uv": [2, 11, 3, 12], "texture": "#0"}
			}
		},
		{
			"name": "compass_00_4",
			"from": [13, 4, 7.5],
			"to": [14, 12, 8.5],
			"light_emission": 15,
			"rotation": {"angle": 0, "axis": "y", "origin": [0, 0, 7.5]},
			"faces": {
				"north": {"uv": [14, 4, 13, 12], "texture": "#0"},
				"east": {"uv": [13, 4, 14, 12], "texture": "#0"},
				"south": {"uv": [13, 4, 14, 12], "texture": "#0"},
				"west": {"uv": [13, 4, 14, 12], "texture": "#0"},
				"up": {"uv": [13, 4, 14, 5], "texture": "#0"},
				"down": {"uv": [13, 11, 14, 12], "texture": "#0"}
			}
		},
		{
			"name": "compass_00_5",
			"from": [1, 5, 7.5],
			"to": [2, 11, 8.5],
			"light_emission": 15,
			"rotation": {"angle": 0, "axis": "y", "origin": [0, 0, 7.5]},
			"faces": {
				"north": {"uv": [2, 5, 1, 11], "texture": "#0"},
				"east": {"uv": [1, 5, 2, 11], "texture": "#0"},
				"south": {"uv": [1, 5, 2, 11], "texture": "#0"},
				"west": {"uv": [1, 5, 2, 11], "texture": "#0"},
				"up": {"uv": [1, 5, 2, 6], "texture": "#0"},
				"down": {"uv": [1, 10, 2, 11], "texture": "#0"}
			}
		},
		{
			"name": "compass_00_6",
			"from": [14, 5, 7.5],
			"to": [15, 11, 8.5],
			"light_emission": 15,
			"rotation": {"angle": 0, "axis": "y", "origin": [0, 0, 7.5]},
			"faces": {
				"north": {"uv": [15, 5, 14, 11], "texture": "#0"},
				"east": {"uv": [14, 5, 15, 11], "texture": "#0"},
				"south": {"uv": [14, 5, 15, 11], "texture": "#0"},
				"west": {"uv": [14, 5, 15, 11], "texture": "#0"},
				"up": {"uv": [14, 5, 15, 6], "texture": "#0"},
				"down": {"uv": [14, 10, 15, 11], "texture": "#0"}
			}
		},
		{
			"name": "compass_00_0_outline",
			"from": [11.1, 14.1, 8.6],
			"to": [4.9, 1.9, 7.4],
			"light_emission": 15,
			"rotation": {"angle": 0, "axis": "y", "origin": [0, 0, 7.5]},
			"faces": {
				"north": {"uv": [0, 0, 3, 6], "texture": "#1"},
				"east": {"uv": [3, 6, 3.5, 12], "texture": "#1"},
				"south": {"uv": [3, 0, 6, 6], "texture": "#1"},
				"west": {"uv": [3.5, 6, 4, 12], "texture": "#1"},
				"up": {"uv": [10, 8.5, 7, 8], "texture": "#1"},
				"down": {"uv": [11.5, 0, 8.5, 0.5], "texture": "#1"}
			}
		},
		{
			"name": "compass_00_1_outline",
			"from": [5.1, 13.1, 8.6],
			"to": [2.9, 2.9, 7.4],
			"light_emission": 15,
			"rotation": {"angle": 0, "axis": "y", "origin": [0, 0, 7.5]},
			"faces": {
				"north": {"uv": [0, 6, 1, 11], "texture": "#1"},
				"east": {"uv": [4, 6, 4.5, 11], "texture": "#1"},
				"south": {"uv": [6, 0, 7, 5], "texture": "#1"},
				"west": {"uv": [4.5, 6, 5, 11], "texture": "#1"},
				"up": {"uv": [9.5, 7, 8.5, 6.5], "texture": "#1"},
				"down": {"uv": [9.5, 7, 8.5, 7.5], "texture": "#1"}
			}
		},
		{
			"name": "compass_00_2_outline",
			"from": [13.1, 13.1, 8.6],
			"to": [10.9, 2.9, 7.4],
			"light_emission": 15,
			"rotation": {"angle": 0, "axis": "y", "origin": [0, 0, 7.5]},
			"faces": {
				"north": {"uv": [1, 6, 2, 11], "texture": "#1"},
				"east": {"uv": [5, 6, 5.5, 11], "texture": "#1"},
				"south": {"uv": [2, 6, 3, 11], "texture": "#1"},
				"west": {"uv": [6, 5, 6.5, 10], "texture": "#1"},
				"up": {"uv": [9.5, 8, 8.5, 7.5], "texture": "#1"},
				"down": {"uv": [10, 8.5, 9, 9], "texture": "#1"}
			}
		},
		{
			"name": "compass_00_3_outline",
			"from": [3.1, 12.1, 8.6],
			"to": [1.9, 3.9, 7.4],
			"light_emission": 15,
			"rotation": {"angle": 0, "axis": "y", "origin": [0, 0, 7.5]},
			"faces": {
				"north": {"uv": [5.5, 6, 6, 10], "texture": "#1"},
				"east": {"uv": [6.5, 5, 7, 9], "texture": "#1"},
				"south": {"uv": [7, 0, 7.5, 4], "texture": "#1"},
				"west": {"uv": [7, 4, 7.5, 8], "texture": "#1"},
				"up": {"uv": [7, 9.5, 6.5, 9], "texture": "#1"},
				"down": {"uv": [9.5, 9, 9, 9.5], "texture": "#1"}
			}
		},
		{
			"name": "compass_00_4_outline",
			"from": [14.1, 12.1, 8.6],
			"to": [12.9, 3.9, 7.4],
			"light_emission": 15,
			"rotation": {"angle": 0, "axis": "y", "origin": [0, 0, 7.5]},
			"faces": {
				"north": {"uv": [7.5, 0, 8, 4], "texture": "#1"},
				"east": {"uv": [7.5, 4, 8, 8], "texture": "#1"},
				"south": {"uv": [8, 0, 8.5, 4], "texture": "#1"},
				"west": {"uv": [8, 4, 8.5, 8], "texture": "#1"},
				"up": {"uv": [10, 1, 9.5, 0.5], "texture": "#1"},
				"down": {"uv": [10, 1, 9.5, 1.5], "texture": "#1"}
			}
		},
		{
			"name": "compass_00_5_outline",
			"from": [2.1, 11.1, 8.6],
			"to": [0.9, 4.9, 7.4],
			"light_emission": 15,
			"rotation": {"angle": 0, "axis": "y", "origin": [0, 0, 7.5]},
			"faces": {
				"north": {"uv": [8.5, 0.5, 9, 3.5], "texture": "#1"},
				"east": {"uv": [8.5, 3.5, 9, 6.5], "texture": "#1"},
				"south": {"uv": [7, 8.5, 7.5, 11.5], "texture": "#1"},
				"west": {"uv": [7.5, 8.5, 8, 11.5], "texture": "#1"},
				"up": {"uv": [10, 2, 9.5, 1.5], "texture": "#1"},
				"down": {"uv": [10, 2, 9.5, 2.5], "texture": "#1"}
			}
		},
		{
			"name": "compass_00_6_outline",
			"from": [15.1, 11.1, 8.6],
			"to": [13.9, 4.9, 7.4],
			"light_emission": 15,
			"rotation": {"angle": 0, "axis": "y", "origin": [0, 0, 7.5]},
			"faces": {
				"north": {"uv": [8, 8.5, 8.5, 11.5], "texture": "#1"},
				"east": {"uv": [8.5, 8.5, 9, 11.5], "texture": "#1"},
				"south": {"uv": [9, 0.5, 9.5, 3.5], "texture": "#1"},
				"west": {"uv": [9, 3.5, 9.5, 6.5], "texture": "#1"},
				"up": {"uv": [10, 3, 9.5, 2.5], "texture": "#1"},
				"down": {"uv": [10, 3, 9.5, 3.5], "texture": "#1"}
			}
		}
	],
	"display": {
		"thirdperson_righthand": {
			"translation": [0, 3, 1],
			"scale": [0.55, 0.55, 0.55]
		},
		"thirdperson_lefthand": {
			"translation": [0, 3, 1],
			"scale": [0.55, 0.55, 0.55]
		},
		"firstperson_righthand": {
			"rotation": [0, -90, 25],
			"translation": [1.13, 3.2, 1.13],
			"scale": [0.68, 0.68, 0.68]
		},
		"firstperson_lefthand": {
			"rotation": [0, -90, 25],
			"translation": [1.13, 3.2, 1.13],
			"scale": [0.68, 0.68, 0.68]
		},
		"ground": {
			"translation": [0, 2, 0],
			"scale": [0.5, 0.5, 0.5]
		},
		"fixed": {
			"rotation": [0, -180, 0]
		}
	},
	"groups": [
		{
			"name": "compass_00",
			"origin": [8, 8, 8],
			"color": 0,
			"children": [0, 1, 2, 3, 4, 5, 6]
		},
		7,
		8,
		9,
		10,
		11,
		12,
		13
	]
}