{
	"credit": "Made with Blockbench",
	"texture_size": [64, 64],
	"textures": {
		"0": "item/3d_mace",
		"particle": "item/3d_mace"
	},
	"elements": [
		{
			"from": [4, 12, 4],
			"to": [12, 20, 12],
			"rotation": {"angle": 0, "axis": "y", "origin": [4, 12, 4]},
			"faces": {
				"north": {"uv": [0, 2, 2, 4], "texture": "#0"},
				"east": {"uv": [0, 2, 2, 4], "texture": "#0"},
				"south": {"uv": [0, 2, 2, 4], "texture": "#0"},
				"west": {"uv": [0, 2, 2, 4], "texture": "#0"},
				"up": {"uv": [4, 2, 2, 0], "texture": "#0"},
				"down": {"uv": [6, 0, 4, 2], "texture": "#0"}
			}
		},
		{
			"from": [6.5, -1, 6.5],
			"to": [9.5, 2, 9.5],
			"rotation": {"angle": 0, "axis": "y", "origin": [7, 4, 7]},
			"faces": {
				"north": {"uv": [2.75, 4.75, 3.5, 5.5], "texture": "#0"},
				"east": {"uv": [2, 4.75, 2.75, 5.5], "texture": "#0"},
				"south": {"uv": [4.25, 4.75, 5, 5.5], "texture": "#0"},
				"west": {"uv": [3.5, 4.75, 4.25, 5.5], "texture": "#0"},
				"up": {"uv": [3.5, 4.75, 2.75, 4], "texture": "#0"},
				"down": {"uv": [4.25, 4, 3.5, 4.75], "texture": "#0"}
			}
		},
		{
			"from": [7, 1, 7],
			"to": [9, 21, 9],
			"rotation": {"angle": 0, "axis": "y", "origin": [7, 5, 7]},
			"faces": {
				"north": {"uv": [0.5, 4.5, 1, 9.5], "texture": "#0"},
				"east": {"uv": [0, 4.5, 0.5, 9.5], "texture": "#0"},
				"south": {"uv": [1.5, 4.5, 2, 9.5], "texture": "#0"},
				"west": {"uv": [1, 4.5, 1.5, 9.5], "texture": "#0"},
				"up": {"uv": [1, 4.5, 0.5, 4], "texture": "#0"},
				"down": {"uv": [1.5, 4, 1, 4.5], "texture": "#0"}
			}
		}
	],
	"display": {
		"thirdperson_righthand": {
			"translation": [0, 1, 0],
			"scale": [0.83984, 0.83984, 0.83984]
		},
		"thirdperson_lefthand": {
			"translation": [0, 1, 0],
			"scale": [0.83984, 0.83984, 0.83984]
		},
		"firstperson_righthand": {
			"rotation": [3.53, 12.65, -2.85],
			"scale": [0.61719, 0.61719, 0.61719]
		},
		"firstperson_lefthand": {
			"rotation": [3.53, 12.65, -2.85],
			"scale": [0.61719, 0.61719, 0.61719]
		},
		"head": {
			"translation": [0, 15.5, 0]
		}
	}
}