{
	"format_version": "1.21.6",
	"credit": "Made with Blockbench",
	"texture_size": [32, 32],
	"textures": {
		"0": "item/firstperson/enchanted_shears",
		"1": "item/firstperson/shear_outline",
		"particle": "item/firstperson/enchanted_shears"
	},
	"elements": [
		{
			"name": "enchanted_shears_0",
			"from": [8, 11, 7.5],
			"to": [11, 14, 8.5],
			"light_emission": 15,
			"rotation": {"angle": 0, "axis": "y", "origin": [0, 0, 7.5]},
			"faces": {
				"north": {"uv": [11, 2, 8, 5], "texture": "#0"},
				"east": {"uv": [10, 2, 11, 5], "texture": "#0"},
				"south": {"uv": [8, 2, 11, 5], "texture": "#0"},
				"west": {"uv": [8, 2, 9, 5], "texture": "#0"},
				"up": {"uv": [8, 2, 11, 3], "texture": "#0"},
				"down": {"uv": [8, 4, 11, 5], "texture": "#0"}
			}
		},
		{
			"name": "enchanted_shears_1",
			"from": [11, 13, 7.5],
			"to": [13, 14, 8.5],
			"light_emission": 15,
			"rotation": {"angle": 0, "axis": "y", "origin": [0, 0, 7.5]},
			"faces": {
				"north": {"uv": [13, 2, 11, 3], "texture": "#0"},
				"east": {"uv": [12, 2, 13, 3], "texture": "#0"},
				"south": {"uv": [11, 2, 13, 3], "texture": "#0"},
				"west": {"uv": [11, 2, 12, 3], "texture": "#0"},
				"up": {"uv": [11, 2, 13, 3], "texture": "#0"},
				"down": {"uv": [11, 2, 13, 3], "texture": "#0"}
			}
		},
		{
			"name": "enchanted_shears_2",
			"from": [7, 9, 7.5],
			"to": [8, 13, 8.5],
			"light_emission": 15,
			"rotation": {"angle": 0, "axis": "y", "origin": [0, 0, 7.5]},
			"faces": {
				"north": {"uv": [8, 3, 7, 7], "texture": "#0"},
				"east": {"uv": [7, 3, 8, 7], "texture": "#0"},
				"south": {"uv": [7, 3, 8, 7], "texture": "#0"},
				"west": {"uv": [7, 3, 8, 7], "texture": "#0"},
				"up": {"uv": [7, 3, 8, 4], "texture": "#0"},
				"down": {"uv": [7, 6, 8, 7], "texture": "#0"}
			}
		},
		{
			"name": "enchanted_shears_3",
			"from": [11, 12, 7.5],
			"to": [12, 13, 8.5],
			"light_emission": 15,
			"rotation": {"angle": 0, "axis": "y", "origin": [0, 0, 7.5]},
			"faces": {
				"north": {"uv": [12, 3, 11, 4], "texture": "#0"},
				"east": {"uv": [11, 3, 12, 4], "texture": "#0"},
				"south": {"uv": [11, 3, 12, 4], "texture": "#0"},
				"west": {"uv": [11, 3, 12, 4], "texture": "#0"},
				"up": {"uv": [11, 3, 12, 4], "texture": "#0"},
				"down": {"uv": [11, 3, 12, 4], "texture": "#0"}
			}
		},
		{
			"name": "enchanted_shears_4",
			"from": [13, 8, 7.5],
			"to": [14, 13, 8.5],
			"light_emission": 15,
			"rotation": {"angle": 0, "axis": "y", "origin": [0, 0, 7.5]},
			"faces": {
				"north": {"uv": [14, 3, 13, 8], "texture": "#0"},
				"east": {"uv": [13, 3, 14, 8], "texture": "#0"},
				"south": {"uv": [13, 3, 14, 8], "texture": "#0"},
				"west": {"uv": [13, 3, 14, 8], "texture": "#0"},
				"up": {"uv": [13, 3, 14, 4], "texture": "#0"},
				"down": {"uv": [13, 7, 14, 8], "texture": "#0"}
			}
		},
		{
			"name": "enchanted_shears_5",
			"from": [6, 8, 7.5],
			"to": [7, 12, 8.5],
			"light_emission": 15,
			"rotation": {"angle": 0, "axis": "y", "origin": [0, 0, 7.5]},
			"faces": {
				"north": {"uv": [7, 4, 6, 8], "texture": "#0"},
				"east": {"uv": [6, 4, 7, 8], "texture": "#0"},
				"south": {"uv": [6, 4, 7, 8], "texture": "#0"},
				"west": {"uv": [6, 4, 7, 8], "texture": "#0"},
				"up": {"uv": [6, 4, 7, 5], "texture": "#0"},
				"down": {"uv": [6, 7, 7, 8], "texture": "#0"}
			}
		},
		{
			"name": "enchanted_shears_6",
			"from": [12, 7, 7.5],
			"to": [13, 12, 8.5],
			"light_emission": 15,
			"rotation": {"angle": 0, "axis": "y", "origin": [0, 0, 7.5]},
			"faces": {
				"north": {"uv": [13, 4, 12, 9], "texture": "#0"},
				"east": {"uv": [12, 4, 13, 9], "texture": "#0"},
				"south": {"uv": [12, 4, 13, 9], "texture": "#0"},
				"west": {"uv": [12, 4, 13, 9], "texture": "#0"},
				"up": {"uv": [12, 4, 13, 5], "texture": "#0"},
				"down": {"uv": [12, 8, 13, 9], "texture": "#0"}
			}
		},
		{
			"name": "enchanted_shears_7",
			"from": [5, 3, 7.5],
			"to": [6, 11, 8.5],
			"light_emission": 15,
			"rotation": {"angle": 0, "axis": "y", "origin": [0, 0, 7.5]},
			"faces": {
				"north": {"uv": [6, 5, 5, 13], "texture": "#0"},
				"east": {"uv": [5, 5, 6, 13], "texture": "#0"},
				"south": {"uv": [5, 5, 6, 13], "texture": "#0"},
				"west": {"uv": [5, 5, 6, 13], "texture": "#0"},
				"up": {"uv": [5, 5, 6, 6], "texture": "#0"},
				"down": {"uv": [5, 12, 6, 13], "texture": "#0"}
			}
		},
		{
			"name": "enchanted_shears_8",
			"from": [8, 10, 7.5],
			"to": [10, 11, 8.5],
			"light_emission": 15,
			"rotation": {"angle": 0, "axis": "y", "origin": [0, 0, 7.5]},
			"faces": {
				"north": {"uv": [10, 5, 8, 6], "texture": "#0"},
				"east": {"uv": [9, 5, 10, 6], "texture": "#0"},
				"south": {"uv": [8, 5, 10, 6], "texture": "#0"},
				"west": {"uv": [8, 5, 9, 6], "texture": "#0"},
				"up": {"uv": [8, 5, 10, 6], "texture": "#0"},
				"down": {"uv": [8, 5, 10, 6], "texture": "#0"}
			}
		},
		{
			"name": "enchanted_shears_9",
			"from": [11, 6, 7.5],
			"to": [12, 11, 8.5],
			"light_emission": 15,
			"rotation": {"angle": 0, "axis": "y", "origin": [0, 0, 7.5]},
			"faces": {
				"north": {"uv": [12, 5, 11, 10], "texture": "#0"},
				"east": {"uv": [11, 5, 12, 10], "texture": "#0"},
				"south": {"uv": [11, 5, 12, 10], "texture": "#0"},
				"west": {"uv": [11, 5, 12, 10], "texture": "#0"},
				"up": {"uv": [11, 5, 12, 6], "texture": "#0"},
				"down": {"uv": [11, 9, 12, 10], "texture": "#0"}
			}
		},
		{
			"name": "enchanted_shears_10",
			"from": [4, 5, 7.5],
			"to": [5, 10, 8.5],
			"light_emission": 15,
			"rotation": {"angle": 0, "axis": "y", "origin": [0, 0, 7.5]},
			"faces": {
				"north": {"uv": [5, 6, 4, 11], "texture": "#0"},
				"east": {"uv": [4, 6, 5, 11], "texture": "#0"},
				"south": {"uv": [4, 6, 5, 11], "texture": "#0"},
				"west": {"uv": [4, 6, 5, 11], "texture": "#0"},
				"up": {"uv": [4, 6, 5, 7], "texture": "#0"},
				"down": {"uv": [4, 10, 5, 11], "texture": "#0"}
			}
		},
		{
			"name": "enchanted_shears_11",
			"from": [8, 9, 7.5],
			"to": [9, 10, 8.5],
			"light_emission": 15,
			"rotation": {"angle": 0, "axis": "y", "origin": [0, 0, 7.5]},
			"faces": {
				"north": {"uv": [9, 6, 8, 7], "texture": "#0"},
				"east": {"uv": [8, 6, 9, 7], "texture": "#0"},
				"south": {"uv": [8, 6, 9, 7], "texture": "#0"},
				"west": {"uv": [8, 6, 9, 7], "texture": "#0"},
				"up": {"uv": [8, 6, 9, 7], "texture": "#0"},
				"down": {"uv": [8, 6, 9, 7], "texture": "#0"}
			}
		},
		{
			"name": "enchanted_shears_12",
			"from": [10, 5, 7.5],
			"to": [11, 10, 8.5],
			"light_emission": 15,
			"rotation": {"angle": 0, "axis": "y", "origin": [0, 0, 7.5]},
			"faces": {
				"north": {"uv": [11, 6, 10, 11], "texture": "#0"},
				"east": {"uv": [10, 6, 11, 11], "texture": "#0"},
				"south": {"uv": [10, 6, 11, 11], "texture": "#0"},
				"west": {"uv": [10, 6, 11, 11], "texture": "#0"},
				"up": {"uv": [10, 6, 11, 7], "texture": "#0"},
				"down": {"uv": [10, 10, 11, 11], "texture": "#0"}
			}
		},
		{
			"name": "enchanted_shears_13",
			"from": [9, 4, 7.5],
			"to": [10, 9, 8.5],
			"light_emission": 15,
			"rotation": {"angle": 0, "axis": "y", "origin": [0, 0, 7.5]},
			"faces": {
				"north": {"uv": [10, 7, 9, 12], "texture": "#0"},
				"east": {"uv": [9, 7, 10, 12], "texture": "#0"},
				"south": {"uv": [9, 7, 10, 12], "texture": "#0"},
				"west": {"uv": [9, 7, 10, 12], "texture": "#0"},
				"up": {"uv": [9, 7, 10, 8], "texture": "#0"},
				"down": {"uv": [9, 11, 10, 12], "texture": "#0"}
			}
		},
		{
			"name": "enchanted_shears_14",
			"from": [3, 5, 7.5],
			"to": [4, 8, 8.5],
			"light_emission": 15,
			"rotation": {"angle": 0, "axis": "y", "origin": [0, 0, 7.5]},
			"faces": {
				"north": {"uv": [4, 8, 3, 11], "texture": "#0"},
				"east": {"uv": [3, 8, 4, 11], "texture": "#0"},
				"south": {"uv": [3, 8, 4, 11], "texture": "#0"},
				"west": {"uv": [3, 8, 4, 11], "texture": "#0"},
				"up": {"uv": [3, 8, 4, 9], "texture": "#0"},
				"down": {"uv": [3, 10, 4, 11], "texture": "#0"}
			}
		},
		{
			"name": "enchanted_shears_15",
			"from": [8, 4, 7.5],
			"to": [9, 7, 8.5],
			"light_emission": 15,
			"rotation": {"angle": 0, "axis": "y", "origin": [0, 0, 7.5]},
			"faces": {
				"north": {"uv": [9, 9, 8, 12], "texture": "#0"},
				"east": {"uv": [8, 9, 9, 12], "texture": "#0"},
				"south": {"uv": [8, 9, 9, 12], "texture": "#0"},
				"west": {"uv": [8, 9, 9, 12], "texture": "#0"},
				"up": {"uv": [8, 9, 9, 10], "texture": "#0"},
				"down": {"uv": [8, 11, 9, 12], "texture": "#0"}
			}
		},
		{
			"name": "enchanted_shears_16",
			"from": [6, 3, 7.5],
			"to": [8, 6, 8.5],
			"light_emission": 15,
			"rotation": {"angle": 0, "axis": "y", "origin": [0, 0, 7.5]},
			"faces": {
				"north": {"uv": [8, 10, 6, 13], "texture": "#0"},
				"east": {"uv": [7, 10, 8, 13], "texture": "#0"},
				"south": {"uv": [6, 10, 8, 13], "texture": "#0"},
				"west": {"uv": [6, 10, 7, 13], "texture": "#0"},
				"up": {"uv": [6, 10, 8, 11], "texture": "#0"},
				"down": {"uv": [6, 12, 8, 13], "texture": "#0"}
			}
		},
		{
			"name": "enchanted_shears_17",
			"from": [2, 3, 7.5],
			"to": [3, 5, 8.5],
			"light_emission": 15,
			"rotation": {"angle": 0, "axis": "y", "origin": [0, 0, 7.5]},
			"faces": {
				"north": {"uv": [3, 11, 2, 13], "texture": "#0"},
				"east": {"uv": [2, 11, 3, 13], "texture": "#0"},
				"south": {"uv": [2, 11, 3, 13], "texture": "#0"},
				"west": {"uv": [2, 11, 3, 13], "texture": "#0"},
				"up": {"uv": [2, 11, 3, 12], "texture": "#0"},
				"down": {"uv": [2, 12, 3, 13], "texture": "#0"}
			}
		},
		{
			"name": "enchanted_shears_18",
			"from": [3, 2, 7.5],
			"to": [5, 3, 8.5],
			"light_emission": 15,
			"rotation": {"angle": 0, "axis": "y", "origin": [0, 0, 7.5]},
			"faces": {
				"north": {"uv": [5, 13, 3, 14], "texture": "#0"},
				"east": {"uv": [4, 13, 5, 14], "texture": "#0"},
				"south": {"uv": [3, 13, 5, 14], "texture": "#0"},
				"west": {"uv": [3, 13, 4, 14], "texture": "#0"},
				"up": {"uv": [3, 13, 5, 14], "texture": "#0"},
				"down": {"uv": [3, 13, 5, 14], "texture": "#0"}
			}
		},
		{
			"name": "enchanted_shears_0_outline",
			"from": [11.1, 14.1, 8.6],
			"to": [7.9, 10.9, 7.4],
			"light_emission": 15,
			"rotation": {"angle": 0, "axis": "y", "origin": [0, 0, 7.5]},
			"faces": {
				"north": {"uv": [0, 0, 1.5, 1.5], "texture": "#1"},
				"east": {"uv": [6.5, 6, 7, 7.5], "texture": "#1"},
				"south": {"uv": [0, 1.5, 1.5, 3], "texture": "#1"},
				"west": {"uv": [0, 7, 0.5, 8.5], "texture": "#1"},
				"up": {"uv": [8.5, 0.5, 7, 0], "texture": "#1"},
				"down": {"uv": [8.5, 0.5, 7, 1], "texture": "#1"}
			}
		},
		{
			"name": "enchanted_shears_1_outline",
			"from": [13.1, 14.1, 8.6],
			"to": [10.9, 12.9, 7.4],
			"light_emission": 15,
			"rotation": {"angle": 0, "axis": "y", "origin": [0, 0, 7.5]},
			"faces": {
				"north": {"uv": [7.5, 4, 8.5, 4.5], "texture": "#1"},
				"east": {"uv": [8.5, 0, 9, 0.5], "texture": "#1"},
				"south": {"uv": [4.5, 7.5, 5.5, 8], "texture": "#1"},
				"west": {"uv": [8.5, 0.5, 9, 1], "texture": "#1"},
				"up": {"uv": [8.5, 5, 7.5, 4.5], "texture": "#1"},
				"down": {"uv": [8.5, 5, 7.5, 5.5], "texture": "#1"}
			}
		},
		{
			"name": "enchanted_shears_2_outline",
			"from": [8.1, 13.1, 8.6],
			"to": [6.9, 8.9, 7.4],
			"light_emission": 15,
			"rotation": {"angle": 0, "axis": "y", "origin": [0, 0, 7.5]},
			"faces": {
				"north": {"uv": [6.5, 0, 7, 2], "texture": "#1"},
				"east": {"uv": [1.5, 6.5, 2, 8.5], "texture": "#1"},
				"south": {"uv": [2, 6.5, 2.5, 8.5], "texture": "#1"},
				"west": {"uv": [6.5, 2, 7, 4], "texture": "#1"},
				"up": {"uv": [1.5, 9, 1, 8.5], "texture": "#1"},
				"down": {"uv": [9, 1, 8.5, 1.5], "texture": "#1"}
			}
		},
		{
			"name": "enchanted_shears_3_outline",
			"from": [12.1, 13.1, 8.6],
			"to": [10.9, 11.9, 7.4],
			"light_emission": 15,
			"rotation": {"angle": 0, "axis": "y", "origin": [0, 0, 7.5]},
			"faces": {
				"north": {"uv": [1.5, 8.5, 2, 9], "texture": "#1"},
				"east": {"uv": [8.5, 1.5, 9, 2], "texture": "#1"},
				"south": {"uv": [2, 8.5, 2.5, 9], "texture": "#1"},
				"west": {"uv": [8.5, 2, 9, 2.5], "texture": "#1"},
				"up": {"uv": [3, 9, 2.5, 8.5], "texture": "#1"},
				"down": {"uv": [9, 2.5, 8.5, 3], "texture": "#1"}
			}
		},
		{
			"name": "enchanted_shears_4_outline",
			"from": [14.1, 13.1, 8.6],
			"to": [12.9, 7.9, 7.4],
			"light_emission": 15,
			"rotation": {"angle": 0, "axis": "y", "origin": [0, 0, 7.5]},
			"faces": {
				"north": {"uv": [3, 1.5, 3.5, 4], "texture": "#1"},
				"east": {"uv": [3.5, 1.5, 4, 4], "texture": "#1"},
				"south": {"uv": [4, 0, 4.5, 2.5], "texture": "#1"},
				"west": {"uv": [1.5, 4, 2, 6.5], "texture": "#1"},
				"up": {"uv": [3.5, 9, 3, 8.5], "texture": "#1"},
				"down": {"uv": [9, 3, 8.5, 3.5], "texture": "#1"}
			}
		},
		{
			"name": "enchanted_shears_5_outline",
			"from": [7.1, 12.1, 8.6],
			"to": [5.9, 7.9, 7.4],
			"light_emission": 15,
			"rotation": {"angle": 0, "axis": "y", "origin": [0, 0, 7.5]},
			"faces": {
				"north": {"uv": [2.5, 6.5, 3, 8.5], "texture": "#1"},
				"east": {"uv": [3, 6.5, 3.5, 8.5], "texture": "#1"},
				"south": {"uv": [3.5, 6.5, 4, 8.5], "texture": "#1"},
				"west": {"uv": [6.5, 4, 7, 6], "texture": "#1"},
				"up": {"uv": [4, 9, 3.5, 8.5], "texture": "#1"},
				"down": {"uv": [9, 3.5, 8.5, 4], "texture": "#1"}
			}
		},
		{
			"name": "enchanted_shears_6_outline",
			"from": [13.1, 12.1, 8.6],
			"to": [11.9, 6.9, 7.4],
			"light_emission": 15,
			"rotation": {"angle": 0, "axis": "y", "origin": [0, 0, 7.5]},
			"faces": {
				"north": {"uv": [2, 4, 2.5, 6.5], "texture": "#1"},
				"east": {"uv": [2.5, 4, 3, 6.5], "texture": "#1"},
				"south": {"uv": [4, 2.5, 4.5, 5], "texture": "#1"},
				"west": {"uv": [3, 4, 3.5, 6.5], "texture": "#1"},
				"up": {"uv": [9, 4.5, 8.5, 4], "texture": "#1"},
				"down": {"uv": [5, 8.5, 4.5, 9], "texture": "#1"}
			}
		},
		{
			"name": "enchanted_shears_7_outline",
			"from": [6.1, 11.1, 8.6],
			"to": [4.9, 2.9, 7.4],
			"light_emission": 15,
			"rotation": {"angle": 0, "axis": "y", "origin": [0, 0, 7.5]},
			"faces": {
				"north": {"uv": [1.5, 0, 2, 4], "texture": "#1"},
				"east": {"uv": [2, 0, 2.5, 4], "texture": "#1"},
				"south": {"uv": [2.5, 0, 3, 4], "texture": "#1"},
				"west": {"uv": [0, 3, 0.5, 7], "texture": "#1"},
				"up": {"uv": [9, 5, 8.5, 4.5], "texture": "#1"},
				"down": {"uv": [5.5, 8.5, 5, 9], "texture": "#1"}
			}
		},
		{
			"name": "enchanted_shears_8_outline",
			"from": [10.1, 11.1, 8.6],
			"to": [7.9, 9.9, 7.4],
			"light_emission": 15,
			"rotation": {"angle": 0, "axis": "y", "origin": [0, 0, 7.5]},
			"faces": {
				"north": {"uv": [5.5, 7.5, 6.5, 8], "texture": "#1"},
				"east": {"uv": [8.5, 5, 9, 5.5], "texture": "#1"},
				"south": {"uv": [7.5, 5.5, 8.5, 6], "texture": "#1"},
				"west": {"uv": [5.5, 8.5, 6, 9], "texture": "#1"},
				"up": {"uv": [8.5, 6.5, 7.5, 6], "texture": "#1"},
				"down": {"uv": [8.5, 6.5, 7.5, 7], "texture": "#1"}
			}
		},
		{
			"name": "enchanted_shears_9_outline",
			"from": [12.1, 11.1, 8.6],
			"to": [10.9, 5.9, 7.4],
			"light_emission": 15,
			"rotation": {"angle": 0, "axis": "y", "origin": [0, 0, 7.5]},
			"faces": {
				"north": {"uv": [3.5, 4, 4, 6.5], "texture": "#1"},
				"east": {"uv": [4.5, 0, 5, 2.5], "texture": "#1"},
				"south": {"uv": [0.5, 4.5, 1, 7], "texture": "#1"},
				"west": {"uv": [1, 4.5, 1.5, 7], "texture": "#1"},
				"up": {"uv": [9, 6, 8.5, 5.5], "texture": "#1"},
				"down": {"uv": [6.5, 8.5, 6, 9], "texture": "#1"}
			}
		},
		{
			"name": "enchanted_shears_10_outline",
			"from": [5.1, 10.1, 8.6],
			"to": [3.9, 4.9, 7.4],
			"light_emission": 15,
			"rotation": {"angle": 0, "axis": "y", "origin": [0, 0, 7.5]},
			"faces": {
				"north": {"uv": [4.5, 2.5, 5, 5], "texture": "#1"},
				"east": {"uv": [5, 0, 5.5, 2.5], "texture": "#1"},
				"south": {"uv": [5, 2.5, 5.5, 5], "texture": "#1"},
				"west": {"uv": [4, 5, 4.5, 7.5], "texture": "#1"},
				"up": {"uv": [9, 6.5, 8.5, 6], "texture": "#1"},
				"down": {"uv": [7, 8.5, 6.5, 9], "texture": "#1"}
			}
		},
		{
			"name": "enchanted_shears_11_outline",
			"from": [9.1, 10.1, 8.6],
			"to": [7.9, 8.9, 7.4],
			"light_emission": 15,
			"rotation": {"angle": 0, "axis": "y", "origin": [0, 0, 7.5]},
			"faces": {
				"north": {"uv": [8.5, 6.5, 9, 7], "texture": "#1"},
				"east": {"uv": [7, 8.5, 7.5, 9], "texture": "#1"},
				"south": {"uv": [8.5, 7, 9, 7.5], "texture": "#1"},
				"west": {"uv": [7.5, 8.5, 8, 9], "texture": "#1"},
				"up": {"uv": [9, 8, 8.5, 7.5], "texture": "#1"},
				"down": {"uv": [8.5, 8.5, 8, 9], "texture": "#1"}
			}
		},
		{
			"name": "enchanted_shears_12_outline",
			"from": [11.1, 10.1, 8.6],
			"to": [9.9, 4.9, 7.4],
			"light_emission": 15,
			"rotation": {"angle": 0, "axis": "y", "origin": [0, 0, 7.5]},
			"faces": {
				"north": {"uv": [4.5, 5, 5, 7.5], "texture": "#1"},
				"east": {"uv": [5, 5, 5.5, 7.5], "texture": "#1"},
				"south": {"uv": [5.5, 0, 6, 2.5], "texture": "#1"},
				"west": {"uv": [5.5, 2.5, 6, 5], "texture": "#1"},
				"up": {"uv": [9, 8.5, 8.5, 8], "texture": "#1"},
				"down": {"uv": [9, 8.5, 8.5, 9], "texture": "#1"}
			}
		},
		{
			"name": "enchanted_shears_13_outline",
			"from": [10.1, 9.1, 8.6],
			"to": [8.9, 3.8, 7.4],
			"light_emission": 15,
			"rotation": {"angle": 0, "axis": "y", "origin": [0, -0.1, 7.5]},
			"faces": {
				"north": {"uv": [5.5, 5, 6, 7.5], "texture": "#1"},
				"east": {"uv": [6, 0, 6.5, 2.5], "texture": "#1"},
				"south": {"uv": [6, 2.5, 6.5, 5], "texture": "#1"},
				"west": {"uv": [6, 5, 6.5, 7.5], "texture": "#1"},
				"up": {"uv": [0.5, 9.5, 0, 9], "texture": "#1"},
				"down": {"uv": [9.5, 0, 9, 0.5], "texture": "#1"}
			}
		},
		{
			"name": "enchanted_shears_14_outline",
			"from": [4.1, 8.1, 8.6],
			"to": [2.9, 4.9, 7.4],
			"light_emission": 15,
			"rotation": {"angle": 0, "axis": "y", "origin": [0, 0, 7.5]},
			"faces": {
				"north": {"uv": [0.5, 7, 1, 8.5], "texture": "#1"},
				"east": {"uv": [1, 7, 1.5, 8.5], "texture": "#1"},
				"south": {"uv": [7, 1, 7.5, 2.5], "texture": "#1"},
				"west": {"uv": [7, 2.5, 7.5, 4], "texture": "#1"},
				"up": {"uv": [1, 9.5, 0.5, 9], "texture": "#1"},
				"down": {"uv": [9.5, 0.5, 9, 1], "texture": "#1"}
			}
		},
		{
			"name": "enchanted_shears_15_outline",
			"from": [9.1, 7.1, 8.6],
			"to": [7.9, 3.9, 7.4],
			"light_emission": 15,
			"rotation": {"angle": 0, "axis": "y", "origin": [0, 0, 7.5]},
			"faces": {
				"north": {"uv": [7, 4, 7.5, 5.5], "texture": "#1"},
				"east": {"uv": [7, 5.5, 7.5, 7], "texture": "#1"},
				"south": {"uv": [7, 7, 7.5, 8.5], "texture": "#1"},
				"west": {"uv": [7.5, 1, 8, 2.5], "texture": "#1"},
				"up": {"uv": [1.5, 9.5, 1, 9], "texture": "#1"},
				"down": {"uv": [9.5, 1, 9, 1.5], "texture": "#1"}
			}
		},
		{
			"name": "enchanted_shears_16_outline",
			"from": [8.1, 6.1, 8.6],
			"to": [5.9, 2.9, 7.4],
			"light_emission": 15,
			"rotation": {"angle": 0, "axis": "y", "origin": [0, 0, 7.5]},
			"faces": {
				"north": {"uv": [3, 0, 4, 1.5], "texture": "#1"},
				"east": {"uv": [7.5, 2.5, 8, 4], "texture": "#1"},
				"south": {"uv": [0.5, 3, 1.5, 4.5], "texture": "#1"},
				"west": {"uv": [4, 7.5, 4.5, 9], "texture": "#1"},
				"up": {"uv": [8.5, 7.5, 7.5, 7], "texture": "#1"},
				"down": {"uv": [8.5, 7.5, 7.5, 8], "texture": "#1"}
			}
		},
		{
			"name": "enchanted_shears_17_outline",
			"from": [3.1, 5.1, 8.6],
			"to": [1.9, 2.9, 7.4],
			"light_emission": 15,
			"rotation": {"angle": 0, "axis": "y", "origin": [0, 0, 7.5]},
			"faces": {
				"north": {"uv": [6.5, 7.5, 7, 8.5], "texture": "#1"},
				"east": {"uv": [8, 1, 8.5, 2], "texture": "#1"},
				"south": {"uv": [8, 2, 8.5, 3], "texture": "#1"},
				"west": {"uv": [8, 3, 8.5, 4], "texture": "#1"},
				"up": {"uv": [2, 9.5, 1.5, 9], "texture": "#1"},
				"down": {"uv": [9.5, 1.5, 9, 2], "texture": "#1"}
			}
		},
		{
			"name": "enchanted_shears_18_outline",
			"from": [5.1, 3.1, 8.6],
			"to": [2.9, 1.9, 7.4],
			"light_emission": 15,
			"rotation": {"angle": 0, "axis": "y", "origin": [0, 0, 7.5]},
			"faces": {
				"north": {"uv": [4.5, 8, 5.5, 8.5], "texture": "#1"},
				"east": {"uv": [2, 9, 2.5, 9.5], "texture": "#1"},
				"south": {"uv": [5.5, 8, 6.5, 8.5], "texture": "#1"},
				"west": {"uv": [9, 2, 9.5, 2.5], "texture": "#1"},
				"up": {"uv": [8.5, 8.5, 7.5, 8], "texture": "#1"},
				"down": {"uv": [1, 8.5, 0, 9], "texture": "#1"}
			}
		},
		{
			"name": "enchanted_brush_2_outline",
			"from": [13.925, 13.375, 8.6],
			"to": [12.725, 12.175, 7.4],
			"light_emission": 15,
			"rotation": {"angle": -22.5, "axis": "z", "origin": [13.325, 12.775, 8]},
			"faces": {
				"north": {"uv": [3.5, 7, 4, 7.5], "texture": "#1"},
				"east": {"uv": [12, 4, 12.5, 5], "texture": "#1"},
				"south": {"uv": [8, 5.5, 8.5, 6], "texture": "#1"},
				"west": {"uv": [15.5, 15.5, 16, 16], "texture": "#1"},
				"up": {"uv": [16, 16, 15.5, 15.5], "rotation": 270, "texture": "#1"},
				"down": {"uv": [16, 15.5, 14.5, 16], "texture": "#1"}
			}
		}
	],
	"display": {
		"thirdperson_righthand": {
			"translation": [0, 3, 1],
			"scale": [0.55, 0.55, 0.55]
		},
		"thirdperson_lefthand": {
			"translation": [0, 3, 1],
			"scale": [0.55, 0.55, 0.55]
		},
		"firstperson_righthand": {
			"rotation": [0, -90, 25],
			"translation": [1.13, 3.2, 1.13],
			"scale": [0.68, 0.68, 0.68]
		},
		"firstperson_lefthand": {
			"rotation": [0, 90, -25],
			"translation": [1.13, 3.2, 1.13],
			"scale": [0.68, 0.68, 0.68]
		}
	},
	"groups": [
		{
			"name": "enchanted_shears",
			"origin": [8, 8, 8],
			"color": 0,
			"children": [0, 1, 2, 3, 4, 5, 6, 7, 8, 9, 10, 11, 12, 13, 14, 15, 16, 17, 18]
		},
		19,
		20,
		21,
		22,
		23,
		24,
		25,
		26,
		27,
		28,
		29,
		30,
		31,
		32,
		33,
		34,
		35,
		36,
		37,
		38
	]
}