{
	"format_version": "1.21.6",
	"credit": "Made with Blockbench",
	"texture_size": [32, 32],
	"textures": {
		"0": "item/firstperson/3d_golden_apple",
		"1": "item/firstperson/apple_outline",
		"particle": "item/firstperson/3d_golden_apple"
	},
	"elements": [
		{
			"name": "3d_golden_apple_0",
			"from": [9, 13, 7.5],
			"to": [10, 15, 8.5],
			"light_emission": 15,
			"rotation": {"angle": 0, "axis": "y", "origin": [0, 0, 7.5]},
			"faces": {
				"north": {"uv": [10, 1, 9, 3], "texture": "#0"},
				"east": {"uv": [9, 1, 10, 3], "texture": "#0"},
				"south": {"uv": [9, 1, 10, 3], "texture": "#0"},
				"west": {"uv": [9, 1, 10, 3], "texture": "#0"},
				"up": {"uv": [9, 1, 10, 2], "texture": "#0"},
				"down": {"uv": [9, 2, 10, 3], "texture": "#0"}
			}
		},
		{
			"name": "3d_golden_apple_1",
			"from": [8, 1, 7.5],
			"to": [9, 14, 8.5],
			"light_emission": 15,
			"rotation": {"angle": 0, "axis": "y", "origin": [0, 0, 7.5]},
			"faces": {
				"north": {"uv": [9, 2, 8, 15], "texture": "#0"},
				"east": {"uv": [8, 2, 9, 15], "texture": "#0"},
				"south": {"uv": [8, 2, 9, 15], "texture": "#0"},
				"west": {"uv": [8, 2, 9, 15], "texture": "#0"},
				"up": {"uv": [8, 2, 9, 3], "texture": "#0"},
				"down": {"uv": [8, 14, 9, 15], "texture": "#0"}
			}
		},
		{
			"name": "3d_golden_apple_2",
			"from": [5, 1, 7.5],
			"to": [8, 12, 8.5],
			"light_emission": 15,
			"rotation": {"angle": 0, "axis": "y", "origin": [0, 0, 7.5]},
			"faces": {
				"north": {"uv": [8, 4, 5, 15], "texture": "#0"},
				"east": {"uv": [7, 4, 8, 15], "texture": "#0"},
				"south": {"uv": [5, 4, 8, 15], "texture": "#0"},
				"west": {"uv": [5, 4, 6, 15], "texture": "#0"},
				"up": {"uv": [5, 4, 8, 5], "texture": "#0"},
				"down": {"uv": [5, 14, 8, 15], "texture": "#0"}
			}
		},
		{
			"name": "3d_golden_apple_3",
			"from": [9, 1, 7.5],
			"to": [11, 12, 8.5],
			"light_emission": 15,
			"rotation": {"angle": 0, "axis": "y", "origin": [0, 0, 7.5]},
			"faces": {
				"north": {"uv": [11, 4, 9, 15], "texture": "#0"},
				"east": {"uv": [10, 4, 11, 15], "texture": "#0"},
				"south": {"uv": [9, 4, 11, 15], "texture": "#0"},
				"west": {"uv": [9, 4, 10, 15], "texture": "#0"},
				"up": {"uv": [9, 4, 11, 5], "texture": "#0"},
				"down": {"uv": [9, 14, 11, 15], "texture": "#0"}
			}
		},
		{
			"name": "3d_golden_apple_4",
			"from": [3, 3, 7.5],
			"to": [5, 11, 8.5],
			"light_emission": 15,
			"rotation": {"angle": 0, "axis": "y", "origin": [0, 0, 7.5]},
			"faces": {
				"north": {"uv": [5, 5, 3, 13], "texture": "#0"},
				"east": {"uv": [4, 5, 5, 13], "texture": "#0"},
				"south": {"uv": [3, 5, 5, 13], "texture": "#0"},
				"west": {"uv": [3, 5, 4, 13], "texture": "#0"},
				"up": {"uv": [3, 5, 5, 6], "texture": "#0"},
				"down": {"uv": [3, 12, 5, 13], "texture": "#0"}
			}
		},
		{
			"name": "3d_golden_apple_5",
			"from": [11, 3, 7.5],
			"to": [13, 11, 8.5],
			"light_emission": 15,
			"rotation": {"angle": 0, "axis": "y", "origin": [0, 0, 7.5]},
			"faces": {
				"north": {"uv": [13, 5, 11, 13], "texture": "#0"},
				"east": {"uv": [12, 5, 13, 13], "texture": "#0"},
				"south": {"uv": [11, 5, 13, 13], "texture": "#0"},
				"west": {"uv": [11, 5, 12, 13], "texture": "#0"},
				"up": {"uv": [11, 5, 13, 6], "texture": "#0"},
				"down": {"uv": [11, 12, 13, 13], "texture": "#0"}
			}
		},
		{
			"name": "3d_golden_apple_6",
			"from": [2, 5, 7.5],
			"to": [3, 10, 8.5],
			"light_emission": 15,
			"rotation": {"angle": 0, "axis": "y", "origin": [0, 0, 7.5]},
			"faces": {
				"north": {"uv": [3, 6, 2, 11], "texture": "#0"},
				"east": {"uv": [2, 6, 3, 11], "texture": "#0"},
				"south": {"uv": [2, 6, 3, 11], "texture": "#0"},
				"west": {"uv": [2, 6, 3, 11], "texture": "#0"},
				"up": {"uv": [2, 6, 3, 7], "texture": "#0"},
				"down": {"uv": [2, 10, 3, 11], "texture": "#0"}
			}
		},
		{
			"name": "3d_golden_apple_7",
			"from": [13, 5, 7.5],
			"to": [14, 10, 8.5],
			"light_emission": 15,
			"rotation": {"angle": 0, "axis": "y", "origin": [0, 0, 7.5]},
			"faces": {
				"north": {"uv": [14, 6, 13, 11], "texture": "#0"},
				"east": {"uv": [13, 6, 14, 11], "texture": "#0"},
				"south": {"uv": [13, 6, 14, 11], "texture": "#0"},
				"west": {"uv": [13, 6, 14, 11], "texture": "#0"},
				"up": {"uv": [13, 6, 14, 7], "texture": "#0"},
				"down": {"uv": [13, 10, 14, 11], "texture": "#0"}
			}
		},
		{
			"name": "3d_golden_apple_8",
			"from": [4, 2, 7.5],
			"to": [5, 3, 8.5],
			"light_emission": 15,
			"rotation": {"angle": 0, "axis": "y", "origin": [0, 0, 7.5]},
			"faces": {
				"north": {"uv": [5, 13, 4, 14], "texture": "#0"},
				"east": {"uv": [4, 13, 5, 14], "texture": "#0"},
				"south": {"uv": [4, 13, 5, 14], "texture": "#0"},
				"west": {"uv": [4, 13, 5, 14], "texture": "#0"},
				"up": {"uv": [4, 13, 5, 14], "texture": "#0"},
				"down": {"uv": [4, 13, 5, 14], "texture": "#0"}
			}
		},
		{
			"name": "3d_golden_apple_9",
			"from": [11, 2, 7.5],
			"to": [12, 3, 8.5],
			"light_emission": 15,
			"rotation": {"angle": 0, "axis": "y", "origin": [0, 0, 7.5]},
			"faces": {
				"north": {"uv": [12, 13, 11, 14], "texture": "#0"},
				"east": {"uv": [11, 13, 12, 14], "texture": "#0"},
				"south": {"uv": [11, 13, 12, 14], "texture": "#0"},
				"west": {"uv": [11, 13, 12, 14], "texture": "#0"},
				"up": {"uv": [11, 13, 12, 14], "texture": "#0"},
				"down": {"uv": [11, 13, 12, 14], "texture": "#0"}
			}
		},
		{
			"name": "3d_golden_apple_0_outline",
			"from": [10.1, 15.1, 8.6],
			"to": [8.9, 12.9, 7.4],
			"light_emission": 15,
			"rotation": {"angle": 0, "axis": "y", "origin": [0, 0, 7.5]},
			"faces": {
				"north": {"uv": [5.5, 8, 6, 9], "texture": "#1"},
				"east": {"uv": [6.5, 8, 7, 9], "texture": "#1"},
				"south": {"uv": [7, 8, 7.5, 9], "texture": "#1"},
				"west": {"uv": [8.5, 0, 9, 1], "texture": "#1"},
				"up": {"uv": [9, 4.5, 8.5, 4], "texture": "#1"},
				"down": {"uv": [9, 4.5, 8.5, 5], "texture": "#1"}
			}
		},
		{
			"name": "3d_golden_apple_1_outline",
			"from": [9.1, 14.1, 8.6],
			"to": [7.9, 0.9, 7.4],
			"light_emission": 15,
			"rotation": {"angle": 0, "axis": "y", "origin": [0, 0, 7.5]},
			"faces": {
				"north": {"uv": [2, 5.5, 2.5, 12], "texture": "#1"},
				"east": {"uv": [2.5, 5.5, 3, 12], "texture": "#1"},
				"south": {"uv": [3, 5.5, 3.5, 12], "texture": "#1"},
				"west": {"uv": [3.5, 5.5, 4, 12], "texture": "#1"},
				"up": {"uv": [9, 5.5, 8.5, 5], "texture": "#1"},
				"down": {"uv": [9, 5.5, 8.5, 6], "texture": "#1"}
			}
		},
		{
			"name": "3d_golden_apple_2_outline",
			"from": [8.1, 12.1, 8.6],
			"to": [4.9, 0.9, 7.4],
			"light_emission": 15,
			"rotation": {"angle": 0, "axis": "y", "origin": [0, 0, 7.5]},
			"faces": {
				"north": {"uv": [0, 0, 1.5, 5.5], "texture": "#1"},
				"east": {"uv": [4, 5.5, 4.5, 11], "texture": "#1"},
				"south": {"uv": [1.5, 0, 3, 5.5], "texture": "#1"},
				"west": {"uv": [4.5, 5.5, 5, 11], "texture": "#1"},
				"up": {"uv": [9.5, 8, 8, 7.5], "texture": "#1"},
				"down": {"uv": [9.5, 8, 8, 8.5], "texture": "#1"}
			}
		},
		{
			"name": "3d_golden_apple_3_outline",
			"from": [11.1, 12.1, 8.6],
			"to": [8.9, 0.9, 7.4],
			"light_emission": 15,
			"rotation": {"angle": 0, "axis": "y", "origin": [0, 0, 7.5]},
			"faces": {
				"north": {"uv": [3, 0, 4, 5.5], "texture": "#1"},
				"east": {"uv": [6, 0, 6.5, 5.5], "texture": "#1"},
				"south": {"uv": [4, 0, 5, 5.5], "texture": "#1"},
				"west": {"uv": [6, 5.5, 6.5, 11], "texture": "#1"},
				"up": {"uv": [9.5, 1.5, 8.5, 1], "texture": "#1"},
				"down": {"uv": [9.5, 1.5, 8.5, 2], "texture": "#1"}
			}
		},
		{
			"name": "enchanted_brush_2_outline",
			"from": [11.625, 11.375, 8.6],
			"to": [10.425, 10.175, 7.4],
			"light_emission": 15,
			"rotation": {"angle": -22.5, "axis": "z", "origin": [11.025, 10.775, 8]},
			"faces": {
				"north": {"uv": [5, 9, 5.5, 9.5], "texture": "#1"},
				"east": {"uv": [12, 4, 12.5, 5], "texture": "#1"},
				"south": {"uv": [8, 5.5, 8.5, 6], "texture": "#1"},
				"west": {"uv": [15.5, 15.5, 16, 16], "texture": "#1"},
				"up": {"uv": [16, 16, 15.5, 15.5], "rotation": 270, "texture": "#1"},
				"down": {"uv": [16, 15.5, 14.5, 16], "texture": "#1"}
			}
		},
		{
			"name": "enchanted_brush_2_outline",
			"from": [13.625, 10.375, 8.6],
			"to": [12.425, 9.175, 7.4],
			"light_emission": 15,
			"rotation": {"angle": -22.5, "axis": "z", "origin": [13.025, 9.775, 8]},
			"faces": {
				"north": {"uv": [5, 9, 5.5, 9.5], "texture": "#1"},
				"east": {"uv": [12, 4, 12.5, 5], "texture": "#1"},
				"south": {"uv": [8, 5.5, 8.5, 6], "texture": "#1"},
				"west": {"uv": [15.5, 15.5, 16, 16], "texture": "#1"},
				"up": {"uv": [16, 16, 15.5, 15.5], "rotation": 270, "texture": "#1"},
				"down": {"uv": [16, 15.5, 14.5, 16], "texture": "#1"}
			}
		},
		{
			"name": "enchanted_brush_2_outline",
			"from": [9.625, 12.375, 8.6],
			"to": [8.425, 11.175, 7.4],
			"light_emission": 15,
			"rotation": {"angle": -22.5, "axis": "z", "origin": [9.025, 11.775, 8]},
			"faces": {
				"north": {"uv": [5, 9, 5.5, 9.5], "texture": "#1"},
				"east": {"uv": [12, 4, 12.5, 5], "texture": "#1"},
				"south": {"uv": [8, 5.5, 8.5, 6], "texture": "#1"},
				"west": {"uv": [15.5, 15.5, 16, 16], "texture": "#1"},
				"up": {"uv": [16, 16, 15.5, 15.5], "rotation": 270, "texture": "#1"},
				"down": {"uv": [16, 15.5, 14.5, 16], "texture": "#1"}
			}
		},
		{
			"name": "3d_golden_apple_4_outline",
			"from": [5.1, 11.1, 8.6],
			"to": [2.9, 2.9, 7.4],
			"light_emission": 15,
			"rotation": {"angle": 0, "axis": "y", "origin": [0, 0, 7.5]},
			"faces": {
				"north": {"uv": [5, 0, 6, 4], "texture": "#1"},
				"east": {"uv": [6.5, 0, 7, 4], "texture": "#1"},
				"south": {"uv": [5, 4, 6, 8], "texture": "#1"},
				"west": {"uv": [6.5, 4, 7, 8], "texture": "#1"},
				"up": {"uv": [9.5, 2.5, 8.5, 2], "texture": "#1"},
				"down": {"uv": [9.5, 2.5, 8.5, 3], "texture": "#1"}
			}
		},
		{
			"name": "3d_golden_apple_5_outline",
			"from": [13.1, 11.1, 8.6],
			"to": [10.9, 2.9, 7.4],
			"light_emission": 15,
			"rotation": {"angle": 0, "axis": "y", "origin": [0, 0, 7.5]},
			"faces": {
				"north": {"uv": [0, 5.5, 1, 9.5], "texture": "#1"},
				"east": {"uv": [7, 0, 7.5, 4], "texture": "#1"},
				"south": {"uv": [1, 5.5, 2, 9.5], "texture": "#1"},
				"west": {"uv": [7, 4, 7.5, 8], "texture": "#1"},
				"up": {"uv": [9.5, 3.5, 8.5, 3], "texture": "#1"},
				"down": {"uv": [9.5, 3.5, 8.5, 4], "texture": "#1"}
			}
		},
		{
			"name": "3d_golden_apple_6_outline",
			"from": [3.1, 10.1, 8.6],
			"to": [1.9, 4.9, 7.4],
			"light_emission": 15,
			"rotation": {"angle": 0, "axis": "y", "origin": [0, 0, 7.5]},
			"faces": {
				"north": {"uv": [7.5, 0, 8, 2.5], "texture": "#1"},
				"east": {"uv": [7.5, 2.5, 8, 5], "texture": "#1"},
				"south": {"uv": [7.5, 5, 8, 7.5], "texture": "#1"},
				"west": {"uv": [7.5, 7.5, 8, 10], "texture": "#1"},
				"up": {"uv": [9, 6.5, 8.5, 6], "texture": "#1"},
				"down": {"uv": [9, 6.5, 8.5, 7], "texture": "#1"}
			}
		},
		{
			"name": "3d_golden_apple_7_outline",
			"from": [14.1, 10.1, 8.6],
			"to": [12.9, 4.9, 7.4],
			"light_emission": 15,
			"rotation": {"angle": 0, "axis": "y", "origin": [0, 0, 7.5]},
			"faces": {
				"north": {"uv": [8, 0, 8.5, 2.5], "texture": "#1"},
				"east": {"uv": [8, 2.5, 8.5, 5], "texture": "#1"},
				"south": {"uv": [5, 8, 5.5, 10.5], "texture": "#1"},
				"west": {"uv": [8, 5, 8.5, 7.5], "texture": "#1"},
				"up": {"uv": [9, 7.5, 8.5, 7], "texture": "#1"},
				"down": {"uv": [8.5, 8.5, 8, 9], "texture": "#1"}
			}
		},
		{
			"name": "3d_golden_apple_8_outline",
			"from": [5.1, 3.1, 8.6],
			"to": [3.9, 1.9, 7.4],
			"light_emission": 15,
			"rotation": {"angle": 0, "axis": "y", "origin": [0, 0, 7.5]},
			"faces": {
				"north": {"uv": [8.5, 8.5, 9, 9], "texture": "#1"},
				"east": {"uv": [9, 0, 9.5, 0.5], "texture": "#1"},
				"south": {"uv": [9, 0.5, 9.5, 1], "texture": "#1"},
				"west": {"uv": [9, 4, 9.5, 4.5], "texture": "#1"},
				"up": {"uv": [9.5, 5, 9, 4.5], "texture": "#1"},
				"down": {"uv": [9.5, 5, 9, 5.5], "texture": "#1"}
			}
		},
		{
			"name": "3d_golden_apple_9_outline",
			"from": [12.1, 3.1, 8.6],
			"to": [10.9, 1.9, 7.4],
			"light_emission": 15,
			"rotation": {"angle": 0, "axis": "y", "origin": [0, 0, 7.5]},
			"faces": {
				"north": {"uv": [5.5, 9, 6, 9.5], "texture": "#1"},
				"east": {"uv": [9, 5.5, 9.5, 6], "texture": "#1"},
				"south": {"uv": [9, 6, 9.5, 6.5], "texture": "#1"},
				"west": {"uv": [6.5, 9, 7, 9.5], "texture": "#1"},
				"up": {"uv": [9.5, 7, 9, 6.5], "texture": "#1"},
				"down": {"uv": [7.5, 9, 7, 9.5], "texture": "#1"}
			}
		}
	],
	"display": {
		"thirdperson_righthand": {
			"translation": [0, 3, 1],
			"scale": [0.55, 0.55, 0.55]
		},
		"thirdperson_lefthand": {
			"translation": [0, 3, 1],
			"scale": [0.55, 0.55, 0.55]
		},
		"firstperson_righthand": {
			"rotation": [0, -90, 25],
			"translation": [1.13, 3.2, 1.13],
			"scale": [0.68, 0.68, 0.68]
		},
		"firstperson_lefthand": {
			"rotation": [0, -90, 25],
			"translation": [1.13, 3.2, 1.13],
			"scale": [0.68, 0.68, 0.68]
		}
	},
	"groups": [
		{
			"name": "3d_golden_apple",
			"origin": [8, 8, 8],
			"color": 0,
			"children": [0, 1, 2, 3, 4, 5, 6, 7, 8, 9]
		},
		{
			"name": "group",
			"origin": [0, 0, 7.5],
			"color": 0,
			"children": [10, 11, 12, 13, 14, 15, 16, 17, 18, 19, 20, 21, 22]
		}
	]
}